iso_code,continent,location,date,total_cases,new_cases,new_cases_smoothed,total_deaths,new_deaths,new_deaths_smoothed,total_cases_per_million,new_cases_per_million,new_cases_smoothed_per_million,total_deaths_per_million,new_deaths_per_million,new_deaths_smoothed_per_million,icu_patients,icu_patients_per_million,hosp_patients,hosp_patients_per_million,weekly_icu_admissions,weekly_icu_admissions_per_million,weekly_hosp_admissions,weekly_hosp_admissions_per_million,total_tests,new_tests,total_tests_per_thousand,new_tests_per_thousand,new_tests_smoothed,new_tests_smoothed_per_thousand,tests_per_case,positive_rate,tests_units,stringency_index,population,population_density,median_age,aged_65_older,aged_70_older,gdp_per_capita,extreme_poverty,cardiovasc_death_rate,diabetes_prevalence,female_smokers,male_smokers,handwashing_facilities,hospital_beds_per_thousand,life_expectancy,human_development_index
ABW,North America,Aruba,2020-03-13,2,2,,,0,,18.733,18.733,,,0,,,,,,,,,,,,,,,,,,,0,106766,584.8,41.2,13.085,7.452,35973.781,,,11.62,,,,,76.29,
ABW,North America,Aruba,2020-03-19,,,0.286,,,0,,,2.676,,,0,,,,,,,,,,,,,,,,,,33.33,106766,584.8,41.2,13.085,7.452,35973.781,,,11.62,,,,,76.29,
ABW,North America,Aruba,2020-03-20,4,2,0.286,,0,0,37.465,18.733,2.676,,0,0,,,,,,,,,,,,,,,,,,33.33,106766,584.8,41.2,13.085,7.452,35973.781,,,11.62,,,,,76.29,
ABW,North America,Aruba,2020-03-21,,,0.286,,,0,,,2.676,,,0,,,,,,,,,,,,,,,,,,44.44,106766,584.8,41.2,13.085,7.452,35973.781,,,11.62,,,,,   ,
ABW,North America,Aruba,2020-03-22,,,0.286,,,0,,,2.676,,,0,,,,,,,,,,,,,,,,,,44.44,106766,584.8,41.2,13.085,7.452,35973.781,,,11.62,,,,,76.29,
ABW,North America,Aruba,2020-03-23,,,0.286,,,0,,,2.676,,,0,,,,,,,,,,,,,,,,,,44.44,106766,584.8,41.2,13.085,7.452,35973.781,,,11.62,,,,,76.29,
ABW,North America,Aruba,2020-03-24,12,8,1.429,,0,0,112.395,74.93,13.38,,0,0,,,,,,,,,,,,,,,,,,44.44,106766,584.8,41.2,13.085,7.452,35973.781,,,11.62,,,,,76.29,
ABW,North America,Aruba,2020-03-25,17,5,2.143,,0,0,159.227,46.831,20.071,,0,0,,,,,,,,,,,,,,,,,,44.44,106766,584.8,41.2,13.085,7.452,35973.781,,,11.62,,,,,76.29,
ABW,North America,Aruba,2020-03-26,19,2,2.429,,0,0,177.959,18.733,22.747,,0,0,,,,,,,,,,,,,,,,,,44.44,106766,584.8,41.2,13.085,7.452,35973.781,,,11.62,,,,,76.29,
ABW,North America,Aruba,2020-03-27,28,9,3.429,,0,0,262.256,84.296,32.113,,0,0,,,,,,,,,,,,,,,,,,44.44,106766,584.8,41.2,13.085,7.452,35973.781,,,11.62,,,,,76.29,
ABW,North America,Aruba,2020-03-28,28,0,3.429,,0,0,262.256,0,32.113,,0,0,,,,,,,,,,,,,,,,,,44.44,106766,584.8,41.2,13.085,7.452,35973.781,,,11.62,,,,,76.29,
ABW,North America,Aruba,2020-03-29,28,0,3.429,,0,0,262.256,0,32.113,,0,0,,,,,,,,,,,,,,,,,,85.19,106766,584.8,41.2,13.085,7.452,35973.781,,,11.62,,,,,76.29,
ABW,North America,Aruba,2020-03-30,50,22,6.571,,0,0,468.314,206.058,61.55,,0,0,,,,,,,,,,,,,,,,,,85.19,106766,584.8,41.2,13.085,7.452,35973.781,,,11.62,,,,,76.29,
ABW,North America,Aruba,2020-03-31,,,5.429,,,0,,,50.846,,,0,,,,,,,,,,,,,,,,,,85.19,106766,584.8,41.2,13.085,7.452,35973.781,,,11.62,,,,,76.29,
ABW,North America,Aruba,2020-04-01,55,5,5.429,,0,0,515.145,46.831,50.846,,0,0,,,,,,,,,,,,,,,,,,85.19,106766,584.8,41.2,13.085,7.452,35973.781,,,11.62,,,,,76.29,
ABW,North America,Aruba,2020-04-02,55,0,5.143,,0,0,515.145,0,48.169,,0,0,,,,,,,,,,,,,,,,,,85.19,106766,584.8,41.2,13.085,7.452,35973.781,,,11.62,,,,,76.29,
ABW,North America,Aruba,2020-04-03,60,5,4.571,,0,0,561.977,46.831,42.817,,0,0,,,,,,,,,,,,,,,,,,85.19,106766,584.8,41.2,13.085,7.452,35973.781,,,11.62,,,,,76.29,
ABW,North America,Aruba,2020-04-04,62,2,4.857,,0,0,580.709,18.733,45.493,,0,0,,,,,,,,,,,,,,,,,,85.19,106766,584.8,41.2,13.085,7.452,35973.781,,,11.62,,,,,76.29,
ABW,North America,Aruba,2020-04-05,64,2,5.143,,0,0,599.442,18.733,48.169,,0,0,,,,,,,,,,,,,,,,,,85.19,106766,584.8,41.2,13.085,7.452,35973.781,,,11.62,,,,,76.29,
ABW,North America,Aruba,2020-04-06,64,0,2,,0,0,599.442,0,18.733,,0,0,,,,,,,,,,,,,,,,,,85.19,106766,584.8,41.2,13.085,7.452,35973.781,,,11.62,,,,,76.29,
ABW,North America,Aruba,2020-04-07,71,7,3,,0,0,665.006,65.564,28.099,,0,0,,,,,,,,,,,,,,,,,,85.19,106766,584.8,41.2,13.085,7.452,35973.781,,,11.62,,,,,76.29,
ABW,North America,Aruba,2020-04-08,74,3,2.714,,0,0,693.105,28.099,25.423,,0,0,,,,,,,,,,,,,,,,,,85.19,106766,584.8,41.2,13.085,7.452,35973.781,,,11.62,,,,,76.29,
ABW,North America,Aruba,2020-04-09,77,3,3.143,,0,0,721.203,28.099,29.437,,0,0,,,,,,,,,,,,,,,,,,85.19,106766,584.8,41.2,13.085,7.452,35973.781,,,11.62,,,,,76.29,
ABW,North America,Aruba,2020-04-10,82,5,3.143,,0,0,768.035,46.831,29.437,,0,0,,,,,,,,,,,,,,,,,,88.89,106766,584.8,41.2,13.085,7.452,35973.781,,,11.62,,,,,76.29,
ABW,North America,Aruba,2020-04-11,86,4,3.429,,0,0,805.5,37.465,32.113,,0,0,,,,,,,,,,,,,,,,,,85.19,106766,584.8,41.2,13.085,7.452,35973.781,,,11.62,,,,,76.29,
ABW,North America,Aruba,2020-04-12,92,6,4,,0,0,861.698,56.198,37.465,,0,0,,,,,,,,,,,,,,,,,,88.89,106766,584.8,41.2,13.085,7.452,35973.781,,,11.62,,,,,76.29,
ABW,North America,Aruba,2020-04-13,92,0,4,,0,0,861.698,0,37.465,,0,0,,,,,,,,,,,,,,,,,,88.89,106766,584.8,41.2,13.085,7.452,35973.781,,,11.62,,,,,76.29,
ABW,North America,Aruba,2020-04-14,92,0,3,,0,0,861.698,0,28.099,,0,0,,,,,,,,,,,,,,,,,,85.19,106766,584.8,41.2,13.085,7.452,35973.781,,,11.62,,,,,76.29,
ABW,North America,Aruba,2020-04-15,92,0,2.571,,0,0,861.698,0,24.085,,0,0,,,,,,,,,,,,,,,,,,85.19,106766,584.8,41.2,13.085,7.452,35973.781,,,11.62,,,,,76.29,
ABW,North America,Aruba,2020-04-16,93,1,2.286,1,1,0.143,871.064,9.366,21.409,9.366,9.366,1.338,,,,,,,,,,,,,,,,,,85.19,106766,584.8,41.2,13.085,7.452,35973.781,,,11.62,,,,,76.29,
ABW,North America,Aruba,2020-04-17,95,2,1.857,1,0,0.143,889.796,18.733,17.395,9.366,0,1.338,,,,,,,,,,,,,,,,,,85.19,106766,584.8,41.2,13.085,7.452,35973.781,,,11.62,,,,,76.29,
ABW,North America,Aruba,2020-04-18,96,1,1.429,2,1,0.286,899.163,9.366,13.38,18.733,9.366,2.676,,,,,,,,,,,,,,,,,,85.19,106766,584.8,41.2,13.085,7.452,35973.781,,,11.62,,,,,76.29,
ABW,North America,Aruba,2020-04-19,96,0,0.571,2,0,0.286,899.163,0,5.352,18.733,0,2.676,,,,,,,,,,,,,,,,,,85.19,106766,584.8,41.2,13.085,7.452,35973.781,,,11.62,,,,,76.29,
ABW,North America,Aruba,2020-04-20,97,1,0.714,2,0,0.286,908.529,9.366,6.69,18.733,0,2.676,,,,,,,,,,,,,,,,,,85.19,106766,584.8,41.2,13.085,7.452,35973.781,,,11.62,,,,,76.29,
ABW,North America,Aruba,2020-04-21,97,0,0.714,2,0,0.286,908.529,0,6.69,18.733,0,2.676,,,,,,,,,,,,,,,,,,85.19,106766,584.8,41.2,13.085,7.452,35973.781,,,11.62,,,,,76.29,
ABW,North America,Aruba,2020-04-22,97,0,0.714,2,0,0.286,908.529,0,6.69,18.733,0,2.676,,,,,,,,,,,,,,,,,,85.19,106766,584.8,41.2,13.085,7.452,35973.781,,,11.62,,,,,76.29,
ABW,North America,Aruba,2020-04-23,100,3,1,2,0,0.143,936.628,28.099,9.366,18.733,0,1.338,,,,,,,,,,,,,,,,,,85.19,106766,584.8,41.2,13.085,7.452,35973.781,,,11.62,,,,,76.29,
ABW,North America,Aruba,2020-04-24,100,0,0.714,2,0,0.143,936.628,0,6.69,18.733,0,1.338,,,,,,,,,,,,,,,,,,85.19,106766,584.8,41.2,13.085,7.452,35973.781,,,11.62,,,,,76.29,
ABW,North America,Aruba,2020-04-25,100,0,0.571,2,0,0,936.628,0,5.352,18.733,0,0,,,,,,,,,,,,,,,,,,85.19,106766,584.8,41.2,13.085,7.452,35973.781,,,11.62,,,,,76.29,
ABW,North America,Aruba,2020-04-26,100,0,0.571,2,0,0,936.628,0,5.352,18.733,0,0,,,,,,,,,,,,,,,,,,85.19,106766,584.8,41.2,13.085,7.452,35973.781,,,11.62,,,,,76.29,
ABW,North America,Aruba,2020-04-27,100,0,0.429,2,0,0,936.628,0,4.014,18.733,0,0,,,,,,,,,,,,,,,,,,85.19,106766,584.8,41.2,13.085,7.452,35973.781,,,11.62,,,,,76.29,
ABW,North America,Aruba,2020-04-28,100,0,0.429,2,0,0,936.628,0,4.014,18.733,0,0,,,,,,,,,,,,,,,,,,85.19,106766,584.8,41.2,13.085,7.452,35973.781,,,11.62,,,,,76.29,
ABW,North America,Aruba,2020-04-29,100,0,0.429,2,0,0,936.628,0,4.014,18.733,0,0,,,,,,,,,,,,,,,,,,85.19,106766,584.8,41.2,13.085,7.452,35973.781,,,11.62,,,,,76.29,
ABW,North America,Aruba,2020-04-30,100,0,0,2,0,0,936.628,0,0,18.733,0,0,,,,,,,,,,,,,,,,,,85.19,106766,584.8,41.2,13.085,7.452,35973.781,,,11.62,,,,,76.29,
ABW,North America,Aruba,2020-05-01,100,0,0,2,0,0,936.628,0,0,18.733,0,0,,,,,,,,,,,,,,,,,,85.19,106766,584.8,41.2,13.085,7.452,35973.781,,,11.62,,,,,76.29,
ABW,North America,Aruba,2020-05-02,100,0,0,2,0,0,936.628,0,0,18.733,0,0,,,,,,,,,,,,,,,,,,85.19,106766,584.8,41.2,13.085,7.452,35973.781,,,11.62,,,,,76.29,
ABW,North America,Aruba,2020-05-03,100,0,0,2,0,0,936.628,0,0,18.733,0,0,,,,,,,,,,,,,,,,,,85.19,106766,584.8,41.2,13.085,7.452,35973.781,,,11.62,,,,,76.29,
ABW,North America,Aruba,2020-05-04,100,0,0,2,0,0,936.628,0,0,18.733,0,0,,,,,,,,,,,,,,,,,,81.48,106766,584.8,41.2,13.085,7.452,35973.781,,,11.62,,,,,76.29,
ABW,North America,Aruba,2020-05-05,100,0,0,2,0,0,936.628,0,0,18.733,0,0,,,,,,,,,,,,,,,,,,81.48,106766,584.8,41.2,13.085,7.452,35973.781,,,11.62,,,,,76.29,
ABW,North America,Aruba,2020-05-06,100,0,0,2,0,0,936.628,0,0,18.733,0,0,,,,,,,,,,,,,,,,,,81.48,106766,584.8,41.2,13.085,7.452,35973.781,,,11.62,,,,,76.29,
ABW,North America,Aruba,2020-05-07,101,1,0.143,2,0,0,945.994,9.366,1.338,18.733,0,0,,,,,,,,,,,,,,,,,,81.48,106766,584.8,41.2,13.085,7.452,35973.781,,,11.62,,,,,76.29,
ABW,North America,Aruba,2020-05-08,101,0,0.143,3,1,0.143,945.994,0,1.338,28.099,9.366,1.338,,,,,,,,,,,,,,,,,,81.48,106766,584.8,41.2,13.085,7.452,35973.781,,,11.62,,,,,76.29,
ABW,North America,Aruba,2020-05-09,101,0,0.143,3,0,0.143,945.994,0,1.338,28.099,0,1.338,,,,,,,,,,,,,,,,,,81.48,106766,584.8,41.2,13.085,7.452,35973.781,,,11.62,,,,,76.29,
ABW,North America,Aruba,2020-05-10,101,0,0.143,3,0,0.143,945.994,0,1.338,28.099,0,1.338,,,,,,,,,,,,,,,,,,81.48,106766,584.8,41.2,13.085,7.452,35973.781,,,11.62,,,,,76.29,
ABW,North America,Aruba,2020-05-11,101,0,0.143,3,0,0.143,945.994,0,1.338,28.099,0,1.338,,,,,,,,,,,,,,,,,,81.48,106766,584.8,41.2,13.085,7.452,35973.781,,,11.62,,,,,76.29,
ABW,North America,Aruba,2020-05-12,101,0,0.143,3,0,0.143,945.994,0,1.338,28.099,0,1.338,,,,,,,,,,,,,,,,,,81.48,106766,584.8,41.2,13.085,7.452,35973.781,,,11.62,,,,,76.29,
ABW,North America,Aruba,2020-05-13,101,0,0.143,3,0,0.143,945.994,0,1.338,28.099,0,1.338,,,,,,,,,,,,,,,,,,81.48,106766,584.8,41.2,13.085,7.452,35973.781,,,11.62,,,,,76.29,
ABW,North America,Aruba,2020-05-14,101,0,0,3,0,0.143,945.994,0,0,28.099,0,1.338,,,,,,,,,,,,,,,,,,81.48,106766,584.8,41.2,13.085,7.452,35973.781,,,11.62,,,,,76.29,
ABW,North America,Aruba,2020-05-15,101,0,0,3,0,0,945.994,0,0,28.099,0,0,,,,,,,,,,,,,,,,,,81.48,106766,584.8,41.2,13.085,7.452,35973.781,,,11.62,,,,,76.29,
ABW,North America,Aruba,2020-05-16,101,0,0,3,0,0,945.994,0,0,28.099,0,0,,,,,,,,,,,,,,,,,,81.48,106766,584.8,41.2,13.085,7.452,35973.781,,,11.62,,,,,76.29,
ABW,North America,Aruba,2020-05-17,101,0,0,3,0,0,945.994,0,0,28.099,0,0,,,,,,,,,,,,,,,,,,81.48,106766,584.8,41.2,13.085,7.452,35973.781,,,11.62,,,,,76.29,
ABW,North America,Aruba,2020-05-18,101,0,0,3,0,0,945.994,0,0,28.099,0,0,,,,,,,,,,,,,,,,,,48.15,106766,584.8,41.2,13.085,7.452,35973.781,,,11.62,,,,,76.29,
ABW,North America,Aruba,2020-05-19,101,0,0,3,0,0,945.994,0,0,28.099,0,0,,,,,,,,,,,,,,,,,,48.15,106766,584.8,41.2,13.085,7.452,35973.781,,,11.62,,,,,76.29,
ABW,North America,Aruba,2020-05-20,101,0,0,3,0,0,945.994,0,0,28.099,0,0,,,,,,,,,,,,,,,,,,48.15,106766,584.8,41.2,13.085,7.452,35973.781,,,11.62,,,,,76.29,
ABW,North America,Aruba,2020-05-21,101,0,0,3,0,0,945.994,0,0,28.099,0,0,,,,,,,,,,,,,,,,,,48.15,106766,584.8,41.2,13.085,7.452,35973.781,,,11.62,,,,,76.29,
ABW,North America,Aruba,2020-05-22,101,0,0,3,0,0,945.994,0,0,28.099,0,0,,,,,,,,,,,,,,,,,,48.15,106766,584.8,41.2,13.085,7.452,35973.781,,,11.62,,,,,76.29,
ABW,North America,Aruba,2020-05-23,101,0,0,3,0,0,945.994,0,0,28.099,0,0,,,,,,,,,,,,,,,,,,48.15,106766,584.8,41.2,13.085,7.452,35973.781,,,11.62,,,,,76.29,
ABW,North America,Aruba,2020-05-24,101,0,0,3,0,0,945.994,0,0,28.099,0,0,,,,,,,,,,,,,,,,,,48.15,106766,584.8,41.2,13.085,7.452,35973.781,,,11.62,,,,,76.29,
ABW,North America,Aruba,2020-05-25,101,0,0,3,0,0,945.994,0,0,28.099,0,0,,,,,,,,,,,,,,,,,,48.15,106766,584.8,41.2,13.085,7.452,35973.781,,,11.62,,,,,76.29,
ABW,North America,Aruba,2020-05-26,101,0,0,3,0,0,945.994,0,0,28.099,0,0,,,,,,,,,,,,,,,,,,48.15,106766,584.8,41.2,13.085,7.452,35973.781,,,11.62,,,,,76.29,
ABW,North America,Aruba,2020-05-27,101,0,0,3,0,0,945.994,0,0,28.099,0,0,,,,,,,,,,,,,,,,,,48.15,106766,584.8,41.2,13.085,7.452,35973.781,,,11.62,,,,,76.29,
ABW,North America,Aruba,2020-05-28,101,0,0,3,0,0,945.994,0,0,28.099,0,0,,,,,,,,,,,,,,,,,,44.44,106766,584.8,41.2,13.085,7.452,35973.781,,,11.62,,,,,76.29,
ABW,North America,Aruba,2020-05-29,101,0,0,3,0,0,945.994,0,0,28.099,0,0,,,,,,,,,,,,,,,,,,44.44,106766,584.8,41.2,13.085,7.452,35973.781,,,11.62,,,,,76.29,
ABW,North America,Aruba,2020-05-30,101,0,0,3,0,0,945.994,0,0,28.099,0,0,,,,,,,,,,,,,,,,,,44.44,106766,584.8,41.2,13.085,7.452,35973.781,,,11.62,,,,,76.29,
ABW,North America,Aruba,2020-05-31,101,0,0,3,0,0,945.994,0,0,28.099,0,0,,,,,,,,,,,,,,,,,,38.89,106766,584.8,41.2,13.085,7.452,35973.781,,,11.62,,,,,76.29,
ABW,North America,Aruba,2020-06-01,101,0,0,3,0,0,945.994,0,0,28.099,0,0,,,,,,,,,,,,,,,,,,38.89,106766,584.8,41.2,13.085,7.452,35973.781,,,11.62,,,,,76.29,
ABW,North America,Aruba,2020-06-02,101,0,0,3,0,0,945.994,0,0,28.099,0,0,,,,,,,,,,,,,,,,,,38.89,106766,584.8,41.2,13.085,7.452,35973.781,,,11.62,,,,,76.29,
ABW,North America,Aruba,2020-06-03,101,0,0,3,0,0,945.994,0,0,28.099,0,0,,,,,,,,,,,,,,,,,,38.89,106766,584.8,41.2,13.085,7.452,35973.781,,,11.62,,,,,76.29,
ABW,North America,Aruba,2020-06-04,101,0,0,3,0,0,945.994,0,0,28.099,0,0,,,,,,,,,,,,,,,,,,38.89,106766,584.8,41.2,13.085,7.452,35973.781,,,11.62,,,,,76.29,
ABW,North America,Aruba,2020-06-05,101,0,0,3,0,0,945.994,0,0,28.099,0,0,,,,,,,,,,,,,,,,,,38.89,106766,584.8,41.2,13.085,7.452,35973.781,,,11.62,,,,,76.29,
ABW,North America,Aruba,2020-06-06,101,0,0,3,0,0,945.994,0,0,28.099,0,0,,,,,,,,,,,,,,,,,,38.89,106766,584.8,41.2,13.085,7.452,35973.781,,,11.62,,,,,76.29,
ABW,North America,Aruba,2020-06-07,101,0,0,3,0,0,945.994,0,0,28.099,0,0,,,,,,,,,,,,,,,,,,38.89,106766,584.8,41.2,13.085,7.452,35973.781,,,11.62,,,,,76.29,
ABW,North America,Aruba,2020-06-08,101,0,0,3,0,0,945.994,0,0,28.099,0,0,,,,,,,,,,,,,,,,,,38.89,106766,584.8,41.2,13.085,7.452,35973.781,,,11.62,,,,,76.29,
ABW,North America,Aruba,2020-06-09,101,0,0,3,0,0,945.994,0,0,28.099,0,0,,,,,,,,,,,,,,,,,,38.89,106766,584.8,41.2,13.085,7.452,35973.781,,,11.62,,,,,76.29,
ABW,North America,Aruba,2020-06-10,101,0,0,3,0,0,945.994,0,0,28.099,0,0,,,,,,,,,,,,,,,,,,32.41,106766,584.8,41.2,13.085,7.452,35973.781,,,11.62,,,,,76.29,
ABW,North America,Aruba,2020-06-11,101,0,0,3,0,0,945.994,0,0,28.099,0,0,,,,,,,,,,,,,,,,,,32.41,106766,584.8,41.2,13.085,7.452,35973.781,,,11.62,,,,,76.29,
ABW,North America,Aruba,2020-06-12,101,0,0,3,0,0,945.994,0,0,28.099,0,0,,,,,,,,,,,,,,,,,,32.41,106766,584.8,41.2,13.085,7.452,35973.781,,,11.62,,,,,76.29,
ABW,North America,Aruba,2020-06-13,101,0,0,3,0,0,945.994,0,0,28.099,0,0,,,,,,,,,,,,,,,,,,32.41,106766,584.8,41.2,13.085,7.452,35973.781,,,11.62,,,,,76.29,
ABW,North America,Aruba,2020-06-14,101,0,0,3,0,0,945.994,0,0,28.099,0,0,,,,,,,,,,,,,,,,,,32.41,106766,584.8,41.2,13.085,7.452,35973.781,,,11.62,,,,,76.29,
ABW,North America,Aruba,2020-06-15,101,0,0,3,0,0,945.994,0,0,28.099,0,0,,,,,,,,,,,,,,,,,,32.41,106766,584.8,41.2,13.085,7.452,35973.781,,,11.62,,,,,76.29,
ABW,North America,Aruba,2020-06-16,101,0,0,3,0,0,945.994,0,0,28.099,0,0,,,,,,,,,,,,,,,,,,32.41,106766,584.8,41.2,13.085,7.452,35973.781,,,11.62,,,,,76.29,
ABW,North America,Aruba,2020-06-17,101,0,0,3,0,0,945.994,0,0,28.099,0,0,,,,,,,,,,,,,,,,,,32.41,106766,584.8,41.2,13.085,7.452,35973.781,,,11.62,,,,,76.29,
ABW,North America,Aruba,2020-06-18,101,0,0,3,0,0,945.994,0,0,28.099,0,0,,,,,,,,,,,,,,,,,,32.41,106766,584.8,41.2,13.085,7.452,35973.781,,,11.62,,,,,76.29,
ABW,North America,Aruba,2020-06-19,101,0,0,3,0,0,945.994,0,0,28.099,0,0,,,,,,,,,,,,,,,,,,32.41,106766,584.8,41.2,13.085,7.452,35973.781,,,11.62,,,,,76.29,
ABW,North America,Aruba,2020-06-20,101,0,0,3,0,0,945.994,0,0,28.099,0,0,,,,,,,,,,,,,,,,,,32.41,106766,584.8,41.2,13.085,7.452,35973.781,,,11.62,,,,,76.29,
ABW,North America,Aruba,2020-06-21,101,0,0,3,0,0,945.994,0,0,28.099,0,0,,,,,,,,,,,,,,,,,,32.41,106766,584.8,41.2,13.085,7.452,35973.781,,,11.62,,,,,76.29,
ABW,North America,Aruba,2020-06-22,101,0,0,3,0,0,945.994,0,0,28.099,0,0,,,,,,,,,,,,,,,,,,32.41,106766,584.8,41.2,13.085,7.452,35973.781,,,11.62,,,,,76.29,
ABW,North America,Aruba,2020-06-23,101,0,0,3,0,0,945.994,0,0,28.099,0,0,,,,,,,,,,,,,,,,,,32.41,106766,584.8,41.2,13.085,7.452,35973.781,,,11.62,,,,,76.29,
ABW,North America,Aruba,2020-06-24,101,0,0,3,0,0,945.994,0,0,28.099,0,0,,,,,,,,,,,,,,,,,,32.41,106766,584.8,41.2,13.085,7.452,35973.781,,,11.62,,,,,76.29,
ABW,North America,Aruba,2020-06-25,101,0,0,3,0,0,945.994,0,0,28.099,0,0,,,,,,,,,,,,,,,,,,32.41,106766,584.8,41.2,13.085,7.452,35973.781,,,11.62,,,,,76.29,
ABW,North America,Aruba,2020-06-26,101,0,0,3,0,0,945.994,0,0,28.099,0,0,,,,,,,,,,,,,,,,,,32.41,106766,584.8,41.2,13.085,7.452,35973.781,,,11.62,,,,,76.29,
ABW,North America,Aruba,2020-06-27,101,0,0,3,0,0,945.994,0,0,28.099,0,0,,,,,,,,,,,,,,,,,,32.41,106766,584.8,41.2,13.085,7.452,35973.781,,,11.62,,,,,76.29,
ABW,North America,Aruba,2020-06-28,101,0,0,3,0,0,945.994,0,0,28.099,0,0,,,,,,,,,,,,,,,,,,32.41,106766,584.8,41.2,13.085,7.452,35973.781,,,11.62,,,,,76.29,
ABW,North America,Aruba,2020-06-29,101,0,0,3,0,0,945.994,0,0,28.099,0,0,,,,,,,,,,,,,,,,,,32.41,106766,584.8,41.2,13.085,7.452,35973.781,,,11.62,,,,,76.29,
ABW,North America,Aruba,2020-06-30,103,2,0.286,3,0,0,964.727,18.733,2.676,28.099,0,0,,,,,,,,,,,,,,,,,,32.41,106766,584.8,41.2,13.085,7.452,35973.781,,,11.62,,,,,76.29,
ABW,North America,Aruba,2020-07-01,103,0,0.286,3,0,0,964.727,0,2.676,28.099,0,0,,,,,,,,,,,,,,,,,,32.41,106766,584.8,41.2,13.085,7.452,35973.781,,,11.62,,,,,76.29,
ABW,North America,Aruba,2020-07-02,103,0,0.286,3,0,0,964.727,0,2.676,28.099,0,0,,,,,,,,,,,,,,,,,,32.41,106766,584.8,41.2,13.085,7.452,35973.781,,,11.62,,,,,76.29,
ABW,North America,Aruba,2020-07-03,104,1,0.429,3,0,0,974.093,9.366,4.014,28.099,0,0,,,,,,,,,,,,,,,,,,32.41,106766,584.8,41.2,13.085,7.452,35973.781,,,11.62,,,,,76.29,
ABW,North America,Aruba,2020-07-04,104,0,0.429,3,0,0,974.093,0,4.014,28.099,0,0,,,,,,,,,,,,,,,,,,32.41,106766,584.8,41.2,13.085,7.452,35973.781,,,11.62,,,,,76.29,
ABW,North America,Aruba,2020-07-05,105,1,0.571,3,0,0,983.459,9.366,5.352,28.099,0,0,,,,,,,,,,,,,,,,,,32.41,106766,584.8,41.2,13.085,7.452,35973.781,,,11.62,,,,,76.29,
ABW,North America,Aruba,2020-07-06,105,0,0.571,3,0,0,983.459,0,5.352,28.099,0,0,,,,,,,,,,,,,,,,,,32.41,106766,584.8,41.2,13.085,7.452,35973.781,,,11.62,,,,,76.29,
ABW,North America,Aruba,2020-07-07,105,0,0.286,3,0,0,983.459,0,2.676,28.099,0,0,,,,,,,,,,,,,,,,,,32.41,106766,584.8,41.2,13.085,7.452,35973.781,,,11.62,,,,,76.29,
ABW,North America,Aruba,2020-07-08,105,0,0.286,3,0,0,983.459,0,2.676,28.099,0,0,,,,,,,,,,,,,,,,,,32.41,106766,584.8,41.2,13.085,7.452,35973.781,,,11.62,,,,,76.29,
ABW,North America,Aruba,2020-07-09,105,0,0.286,3,0,0,983.459,0,2.676,28.099,0,0,,,,,,,,,,,,,,,,,,32.41,106766,584.8,41.2,13.085,7.452,35973.781,,,11.62,,,,,76.29,
ABW,North America,Aruba,2020-07-10,105,0,0.143,3,0,0,983.459,0,1.338,28.099,0,0,,,,,,,,,,,,,,,,,,32.41,106766,584.8,41.2,13.085,7.452,35973.781,,,11.62,,,,,76.29,
ABW,North America,Aruba,2020-07-11,105,0,0.143,3,0,0,983.459,0,1.338,28.099,0,0,,,,,,,,,,,,,,,,,,32.41,106766,584.8,41.2,13.085,7.452,35973.781,,,11.62,,,,,76.29,
ABW,North America,Aruba,2020-07-12,105,0,0,3,0,0,983.459,0,0,28.099,0,0,,,,,,,,,,,,,,,,,,32.41,106766,584.8,41.2,13.085,7.452,35973.781,,,11.62,,,,,76.29,
ABW,North America,Aruba,2020-07-13,105,0,0,3,0,0,983.459,0,0,28.099,0,0,,,,,,,,,,,,,,,,,,32.41,106766,584.8,41.2,13.085,7.452,35973.781,,,11.62,,,,,76.29,
ABW,North America,Aruba,2020-07-14,105,0,0,3,0,0,983.459,0,0,28.099,0,0,,,,,,,,,,,,,,,,,,32.41,106766,584.8,41.2,13.085,7.452,35973.781,,,11.62,,,,,76.29,
ABW,North America,Aruba,2020-07-15,106,1,0.143,3,0,0,992.825,9.366,1.338,28.099,0,0,,,,,,,,,,,,,,,,,,32.41,106766,584.8,41.2,13.085,7.452,35973.781,,,11.62,,,,,76.29,
ABW,North America,Aruba,2020-07-16,106,0,0.143,3,0,0,992.825,0,1.338,28.099,0,0,,,,,,,,,,,,,,,,,,32.41,106766,584.8,41.2,13.085,7.452,35973.781,,,11.62,,,,,76.29,
ABW,North America,Aruba,2020-07-17,108,2,0.429,3,0,0,1011.558,18.733,4.014,28.099,0,0,,,,,,,,,,,,,,,,,,32.41,106766,584.8,41.2,13.085,7.452,35973.781,,,11.62,,,,,76.29,
ABW,North America,Aruba,2020-07-18,108,0,0.429,3,0,0,1011.558,0,4.014,28.099,0,0,,,,,,,,,,,,,,,,,,32.41,106766,584.8,41.2,13.085,7.452,35973.781,,,11.62,,,,,76.29,
ABW,North America,Aruba,2020-07-19,108,0,0.429,3,0,0,1011.558,0,4.014,28.099,0,0,,,,,,,,,,,,,,,,,,32.41,106766,584.8,41.2,13.085,7.452,35973.781,,,11.62,,,,,76.29,
ABW,North America,Aruba,2020-07-20,113,5,1.143,3,0,0,1058.389,46.831,10.704,28.099,0,0,,,,,,,,,,,,,,,,,,32.41,106766,584.8,41.2,13.085,7.452,35973.781,,,11.62,,,,,76.29,
ABW,North America,Aruba,2020-07-21,115,2,1.429,3,0,0,1077.122,18.733,13.38,28.099,0,0,,,,,,,,,,,,,,,,,,32.41,106766,584.8,41.2,13.085,7.452,35973.781,,,11.62,,,,,76.29,
ABW,North America,Aruba,2020-07-22,117,2,1.571,3,0,0,1095.854,18.733,14.718,28.099,0,0,,,,,,,,,,,,,,,,,,32.41,106766,584.8,41.2,13.085,7.452,35973.781,,,11.62,,,,,76.29,
ABW,North America,Aruba,2020-07-23,117,0,1.571,3,0,0,1095.854,0,14.718,28.099,0,0,,,,,,,,,,,,,,,,,,32.41,106766,584.8,41.2,13.085,7.452,35973.781,,,11.62,,,,,76.29,
ABW,North America,Aruba,2020-07-24,117,0,1.286,3,0,0,1095.854,0,12.042,28.099,0,0,,,,,,,,,,,,,,,,,,32.41,106766,584.8,41.2,13.085,7.452,35973.781,,,11.62,,,,,76.29,
ABW,North America,Aruba,2020-07-25,118,1,1.429,3,0,0,1105.221,9.366,13.38,28.099,0,0,,,,,,,,,,,,,,,,,,32.41,106766,584.8,41.2,13.085,7.452,35973.781,,,11.62,,,,,76.29,
ABW,North America,Aruba,2020-07-26,119,1,1.571,3,0,0,1114.587,9.366,14.718,28.099,0,0,,,,,,,,,,,,,,,,,,32.41,106766,584.8,41.2,13.085,7.452,35973.781,,,11.62,,,,,76.29,
ABW,North America,Aruba,2020-07-27,119,0,0.857,3,0,0,1114.587,0,8.028,28.099,0,0,,,,,,,,,,,,,,,,,,32.41,106766,584.8,41.2,13.085,7.452,35973.781,,,11.62,,,,,76.29,
ABW,North America,Aruba,2020-07-28,119,0,0.571,3,0,0,1114.587,0,5.352,28.099,0,0,,,,,,,,,,,,,,,,,,32.41,106766,584.8,41.2,13.085,7.452,35973.781,,,11.62,,,,,76.29,
ABW,North America,Aruba,2020-07-29,119,0,0.286,3,0,0,1114.587,0,2.676,28.099,0,0,,,,,,,,,,,,,,,,,,32.41,106766,584.8,41.2,13.085,7.452,35973.781,,,11.62,,,,,76.29,
ABW,North America,Aruba,2020-07-30,119,0,0.286,3,0,0,1114.587,0,2.676,28.099,0,0,,,,,,,,,,,,,,,,,,32.41,106766,584.8,41.2,13.085,7.452,35973.781,,,11.62,,,,,76.29,
ABW,North America,Aruba,2020-07-31,120,1,0.429,3,0,0,1123.953,9.366,4.014,28.099,0,0,,,,,,,,,,,,,,,,,,32.41,106766,584.8,41.2,13.085,7.452,35973.781,,,11.62,,,,,76.29,
ABW,North America,Aruba,2020-08-01,121,1,0.429,3,0,0,1133.32,9.366,4.014,28.099,0,0,,,,,,,,,,,,,,,,,,32.41,106766,584.8,41.2,13.085,7.452,35973.781,,,11.62,,,,,76.29,
ABW,North America,Aruba,2020-08-02,121,0,0.286,3,0,0,1133.32,0,2.676,28.099,0,0,,,,,,,,,,,,,,,,,,32.41,106766,584.8,41.2,13.085,7.452,35973.781,,,11.62,,,,,76.29,
ABW,North America,Aruba,2020-08-03,122,1,0.429,3,0,0,1142.686,9.366,4.014,28.099,0,0,,,,,,,,,,,,,,,,,,32.41,106766,584.8,41.2,13.085,7.452,35973.781,,,11.62,,,,,76.29,
ABW,North America,Aruba,2020-08-04,124,2,0.714,3,0,0,1161.418,18.733,6.69,28.099,0,0,,,,,,,,,,,,,,,,,,43.52,106766,584.8,41.2,13.085,7.452,35973.781,,,11.62,,,,,76.29,
ABW,North America,Aruba,2020-08-05,132,8,1.857,3,0,0,1236.349,74.93,17.395,28.099,0,0,,,,,,,,,,,,,,,,,,43.52,106766,584.8,41.2,13.085,7.452,35973.781,,,11.62,,,,,76.29,
ABW,North America,Aruba,2020-08-06,171,39,7.429,3,0,0,1601.633,365.285,69.578,28.099,0,0,,,,,,,,,,,,,,,,,,43.52,106766,584.8,41.2,13.085,7.452,35973.781,,,11.62,,,,,76.29,
ABW,North America,Aruba,2020-08-07,263,92,20.429,3,0,0,2463.331,861.698,191.34,28.099,0,0,,,,,,,,,,,,,,,,,,47.22,106766,584.8,41.2,13.085,7.452,35973.781,,,11.62,,,,,76.29,
ABW,North America,Aruba,2020-08-08,396,133,39.286,3,0,0,3709.046,1245.715,367.961,28.099,0,0,,,,,,,,,,,,,,,,,,47.22,106766,584.8,41.2,13.085,7.452,35973.781,,,11.62,,,,,76.29,
ABW,North America,Aruba,2020-08-09,509,113,55.429,3,0,0,4767.435,1058.389,519.159,28.099,0,0,,,,,,,,,,,,,,,,,,47.22,106766,584.8,41.2,13.085,7.452,35973.781,,,11.62,,,,,76.29,
ABW,North America,Aruba,2020-08-10,563,54,63,3,0,0,5273.214,505.779,590.075,28.099,0,0,,,,,,,,,,,,,,,,,,47.22,106766,584.8,41.2,13.085,7.452,35973.781,,,11.62,,,,,76.29,
ABW,North America,Aruba,2020-08-11,630,67,72.286,3,0,0,5900.755,627.541,677.048,28.099,0,0,,,,,,,,,,,,,,,,,,47.22,106766,584.8,41.2,13.085,7.452,35973.781,,,11.62,,,,,76.29,
ABW,North America,Aruba,2020-08-12,717,87,83.571,3,0,0,6715.621,814.866,782.753,28.099,0,0,,,,,,,,,,,,,,,,,,47.22,106766,584.8,41.2,13.085,7.452,35973.781,,,11.62,,,,,76.29,
ABW,North America,Aruba,2020-08-13,798,81,89.571,3,0,0,7474.29,758.668,838.951,28.099,0,0,,,,,,,,,,,,,,,,,,47.22,106766,584.8,41.2,13.085,7.452,35973.781,,,11.62,,,,,76.29,
ABW,North America,Aruba,2020-08-14,894,96,90.143,4,1,0.143,8373.452,899.163,844.303,37.465,9.366,1.338,,,,,,,,,,,,,,,,,,47.22,106766,584.8,41.2,13.085,7.452,35973.781,,,11.62,,,,,76.29,
ABW,North America,Aruba,2020-08-15,973,79,82.429,4,0,0.143,9113.388,739.936,772.049,37.465,0,1.338,,,,,,,,,,,,,,,,,,47.22,106766,584.8,41.2,13.085,7.452,35973.781,,,11.62,,,,,76.29,
ABW,North America,Aruba,2020-08-16,1048,75,77,4,0,0.143,9815.859,702.471,721.203,37.465,0,1.338,,,,,,,,,,,,,,,,,,47.22,106766,584.8,41.2,13.085,7.452,35973.781,,,11.62,,,,,76.29,
ABW,North America,Aruba,2020-08-17,1102,54,77,4,0,0.143,10321.638,505.779,721.203,37.465,0,1.338,,,,,,,,,,,,,,,,,,47.22,106766,584.8,41.2,13.085,7.452,35973.781,,,11.62,,,,,76.29,
ABW,North America,Aruba,2020-08-18,1121,19,70.143,4,0,0.143,10499.597,177.959,656.977,37.465,0,1.338,,,,,,,,,,,,,,,,,,58.33,106766,584.8,41.2,13.085,7.452,35973.781,,,11.62,,,,,76.29,
ABW,North America,Aruba,2020-08-19,1121,0,57.714,4,0,0.143,10499.597,0,540.568,37.465,0,1.338,,,,,,,,,,,,,,,,,,58.33,106766,584.8,41.2,13.085,7.452,35973.781,,,11.62,,,,,76.29,
ABW,North America,Aruba,2020-08-20,1296,175,71.143,5,1,0.286,12138.696,1639.099,666.344,46.831,9.366,2.676,,,,,,,,,,,,,,,,,,58.33,106766,584.8,41.2,13.085,7.452,35973.781,,,11.62,,,,,76.29,
ABW,North America,Aruba,2020-08-21,1387,91,70.429,6,1,0.286,12991.027,852.331,659.654,56.198,9.366,2.676,,,,,,,,,,,,,,,,,,58.33,106766,584.8,41.2,13.085,7.452,35973.781,,,11.62,,,,,76.29,
ABW,North America,Aruba,2020-08-22,1464,77,70.143,6,0,0.286,13712.23,721.203,656.977,56.198,0,2.676,,,,,,,,,,,,,,,,,,58.33,106766,584.8,41.2,13.085,7.452,35973.781,,,11.62,,,,,76.29,
ABW,North America,Aruba,2020-08-23,1534,70,69.429,7,1,0.429,14367.87,655.639,650.287,65.564,9.366,4.014,,,,,,,,,,,,,,,,,,58.33,106766,584.8,41.2,13.085,7.452,35973.781,,,11.62,,,,,76.29,
ABW,North America,Aruba,2020-08-24,1568,34,66.571,7,0,0.429,14686.323,318.453,623.526,65.564,0,4.014,,,,,,,,,,,,,,,,,,58.33,106766,584.8,41.2,13.085,7.452,35973.781,,,11.62,,,,,76.29,
ABW,North America,Aruba,2020-08-25,1628,60,72.429,7,0,0.429,15248.3,561.977,678.386,65.564,0,4.014,,,,,,,,,,,,,,,,,,58.33,106766,584.8,41.2,13.085,7.452,35973.781,,,11.62,,,,,76.29,
ABW,North America,Aruba,2020-08-26,1670,42,78.429,8,1,0.571,15641.684,393.384,734.584,74.93,9.366,5.352,,,,,,,,,,,,,,,,,,58.33,106766,584.8,41.2,13.085,7.452,35973.781,,,11.62,,,,,76.29,
ABW,North America,Aruba,2020-08-27,1760,90,66.286,8,0,0.429,16484.649,842.965,620.85,74.93,0,4.014,,,,,,,,,,,,,,,,,,58.33,106766,584.8,41.2,13.085,7.452,35973.781,,,11.62,,,,,76.29,
ABW,North America,Aruba,2020-08-28,1848,88,65.857,8,0,0.286,17308.881,824.232,616.836,74.93,0,2.676,,,,,,,,,,,,,,,,,,60.65,106766,584.8,41.2,13.085,7.452,35973.781,,,11.62,,,,,76.29,
ABW,North America,Aruba,2020-08-29,1906,58,63.143,9,1,0.429,17852.125,543.244,591.414,84.296,9.366,4.014,,,,,,,,,,,,,,,,,,60.65,106766,584.8,41.2,13.085,7.452,35973.781,,,11.62,,,,,76.29,
ABW,North America,Aruba,2020-08-30,1975,69,63,10,1,0.429,18498.398,646.273,590.075,93.663,9.366,4.014,,,,,,,,,,,,,,,,,,60.65,106766,584.8,41.2,13.085,7.452,35973.781,,,11.62,,,,,76.29,
ABW,North America,Aruba,2020-08-31,1997,22,61.286,10,0,0.429,18704.456,206.058,574.019,93.663,0,4.014,,,,,,,,,,,,,,,,,,60.65,106766,584.8,41.2,13.085,7.452,35973.781,,,11.62,,,,,76.29,
ABW,North America,Aruba,2020-09-01,2006,9,54,10,0,0.429,18788.753,84.296,505.779,93.663,0,4.014,,,,,,,,,,,,,,,,,,60.65,106766,584.8,41.2,13.085,7.452,35973.781,,,11.62,,,,,76.29,
ABW,North America,Aruba,2020-09-02,2104,98,62,10,0,0.286,19706.648,917.895,580.709,93.663,0,2.676,,,,,,,,,,,,,,,,,,60.65,106766,584.8,41.2,13.085,7.452,35973.781,,,11.62,,,,,76.29,
ABW,North America,Aruba,2020-09-03,2211,107,64.429,12,2,0.571,20708.84,1002.192,603.456,112.395,18.733,5.352,,,,,,,,,,,,,,,,,,53.24,106766,584.8,41.2,13.085,7.452,35973.781,,,11.62,,,,,76.29,
ABW,North America,Aruba,2020-09-04,2292,81,63.429,13,1,0.714,21467.508,758.668,594.09,121.762,9.366,6.69,,,,,,,,,,,,,,,,,,53.24,106766,584.8,41.2,13.085,7.452,35973.781,,,11.62,,,,,76.29,
ABW,North America,Aruba,2020-09-05,2358,66,64.571,13,0,0.571,22085.683,618.174,604.794,121.762,0,5.352,,,,,,,,,,,,,,,,,,53.24,106766,584.8,41.2,13.085,7.452,35973.781,,,11.62,,,,,76.29,
ABW,North America,Aruba,2020-09-06,2428,70,64.714,14,1,0.571,22741.322,655.639,606.132,131.128,9.366,5.352,,,,,,,,,,,,,,,,,,53.24,106766,584.8,41.2,13.085,7.452,35973.781,,,11.62,,,,,76.29,
ABW,North America,Aruba,2020-09-07,2449,21,64.571,14,0,0.571,22938.014,196.692,604.794,131.128,0,5.352,,,,,,,,,,,,,,,,,,47.69,106766,584.8,41.2,13.085,7.452,35973.781,,,11.62,,,,,76.29,
ABW,North America,Aruba,2020-09-08,2482,33,68,15,1,0.714,23247.101,309.087,636.907,140.494,9.366,6.69,,,,,,,,,,,,,,,,,,47.69,106766,584.8,41.2,13.085,7.452,35973.781,,,11.62,,,,,76.29,
ABW,North America,Aruba,2020-09-09,2589,107,69.286,15,0,0.714,24249.293,1002.192,648.949,140.494,0,6.69,,,,,,,,,,,,,,,,,,47.69,106766,584.8,41.2,13.085,7.452,35973.781,,,11.62,,,,,76.29,
ABW,North America,Aruba,2020-09-10,2730,141,74.143,15,0,0.429,25569.938,1320.645,694.443,140.494,0,4.014,,,,,,,,,,,,,,,,,,47.69,106766,584.8,41.2,13.085,7.452,35973.781,,,11.62,,,,,76.29,
ABW,North America,Aruba,2020-09-11,2819,89,75.286,16,1,0.429,26403.537,833.599,705.147,149.86,9.366,4.014,,,,,,,,,,,,,,,,,,56.02,106766,584.8,41.2,13.085,7.452,35973.781,,,11.62,,,,,76.29,
ABW,North America,Aruba,2020-09-12,2898,79,77.143,18,2,0.714,27143.473,739.936,722.541,168.593,18.733,6.69,,,,,,,,,,,,,,,,,,56.02,106766,584.8,41.2,13.085,7.452,35973.781,,,11.62,,,,,76.29,
ABW,North America,Aruba,2020-09-13,2994,96,80.857,18,0,0.571,28042.635,899.163,757.33,168.593,0,5.352,,,,,,,,,,,,,,,,,,56.02,106766,584.8,41.2,13.085,7.452,35973.781,,,11.62,,,,,76.29,
ABW,North America,Aruba,2020-09-14,3046,52,85.286,18,0,0.571,28529.682,487.046,798.81,168.593,0,5.352,,,,,,,,,,,,,,,,,,56.02,106766,584.8,41.2,13.085,7.452,35973.781,,,11.62,,,,,76.29,
ABW,North America,Aruba,2020-09-15,3060,14,82.571,20,2,0.714,28660.81,131.128,773.387,187.326,18.733,6.69,,,,,,,,,,,,,,,,,,56.02,106766,584.8,41.2,13.085,7.452,35973.781,,,11.62,,,,,76.29,
ABW,North America,Aruba,2020-09-16,3152,92,80.429,22,2,1,29522.507,861.698,753.316,206.058,18.733,9.366,,,,,,,,,,,,,,,,,,56.02,106766,584.8,41.2,13.085,7.452,35973.781,,,11.62,,,,,76.29,
ABW,North America,Aruba,2020-09-17,3328,176,85.429,22,0,1,31170.972,1648.465,800.148,206.058,0,9.366,,,,,,,,,,,,,,,,,,56.02,106766,584.8,41.2,13.085,7.452,35973.781,,,11.62,,,,,76.29,
ABW,North America,Aruba,2020-09-18,3382,54,80.429,23,1,1,31676.751,505.779,753.316,215.424,9.366,9.366,,,,,,,,,,,,,,,,,,56.02,106766,584.8,41.2,13.085,7.452,35973.781,,,11.62,,,,,76.29,
ABW,North America,Aruba,2020-09-19,3460,78,80.286,23,0,0.714,32407.321,730.57,751.978,215.424,0,6.69,,,,,,,,,,,,,,,,,,56.02,106766,584.8,41.2,13.085,7.452,35973.781,,,11.62,,,,,76.29,
ABW,North America,Aruba,2020-09-20,3460,0,66.571,23,0,0.714,32407.321,0,623.526,215.424,0,6.69,,,,,,,,,,,,,,,,,,56.02,106766,584.8,41.2,13.085,7.452,35973.781,,,11.62,,,,,76.29,
ABW,North America,Aruba,2020-09-21,3551,91,72.143,23,0,0.714,33259.652,852.331,675.71,215.424,0,6.69,,,,,,,,,,,,,,,,,,50.46,106766,584.8,41.2,13.085,7.452,35973.781,,,11.62,,,,,76.29,
ABW,North America,Aruba,2020-09-22,3587,36,75.286,24,1,0.571,33596.838,337.186,705.147,224.791,9.366,5.352,,,,,,,,,,,,,,,,,,50.46,106766,584.8,41.2,13.085,7.452,35973.781,,,11.62,,,,,76.29,
ABW,North America,Aruba,2020-09-23,3665,78,73.286,25,1,0.429,34327.408,730.57,686.414,234.157,9.366,4.014,,,,,,,,,,,,,,,,,,50.46,106766,584.8,41.2,13.085,7.452,35973.781,,,11.62,,,,,76.29,
ABW,North America,Aruba,2020-09-24,3721,56,56.143,25,0,0.429,34851.919,524.512,525.85,234.157,0,4.014,,,,,,,,,,,,,,,,,,50.46,106766,584.8,41.2,13.085,7.452,35973.781,,,11.62,,,,,76.29,
ABW,North America,Aruba,2020-09-25,3756,35,53.429,25,0,0.286,35179.739,327.82,500.427,234.157,0,2.676,,,,,,,,,,,,,,,,,,50.46,106766,584.8,41.2,13.085,7.452,35973.781,,,11.62,,,,,76.29,
ABW,North America,Aruba,2020-09-26,3799,43,48.429,25,0,0.286,35582.489,402.75,453.595,234.157,0,2.676,,,,,,,,,,,,,,,,,,50.46,106766,584.8,41.2,13.085,7.452,35973.781,,,11.62,,,,,76.29,
ABW,North America,Aruba,2020-09-27,3832,33,53.143,25,0,0.286,35891.576,309.087,497.751,234.157,0,2.676,,,,,,,,,,,,,,,,,,50.46,106766,584.8,41.2,13.085,7.452,35973.781,,,11.62,,,,,76.29,
ABW,North America,Aruba,2020-09-28,3844,12,41.857,25,0,0.286,36003.971,112.395,392.046,234.157,0,2.676,,,,,,,,,,,,,,,,,,50.46,106766,584.8,41.2,13.085,7.452,35973.781,,,11.62,,,,,76.29,
ABW,North America,Aruba,2020-09-29,3872,28,40.714,25,0,0.143,36266.227,262.256,381.341,234.157,0,1.338,,,,,,,,,,,,,,,,,,50.46,106766,584.8,41.2,13.085,7.452,35973.781,,,11.62,,,,,76.29,
ABW,North America,Aruba,2020-09-30,3934,62,38.429,26,1,0.143,36846.936,580.709,359.933,243.523,9.366,1.338,,,,,,,,,,,,,,,,,,50.46,106766,584.8,41.2,13.085,7.452,35973.781,,,11.62,,,,,76.29,
ABW,North America,Aruba,2020-10-01,3963,29,34.571,27,1,0.286,37118.558,271.622,323.806,252.889,9.366,2.676,,,,,,,,,,,,,,,,,,50.46,106766,584.8,41.2,13.085,7.452,35973.781,,,11.62,,,,,76.29,
ABW,North America,Aruba,2020-10-02,3998,35,34.571,27,0,0.286,37446.378,327.82,323.806,252.889,0,2.676,,,,,,,,,,,,,,,,,,50.46,106766,584.8,41.2,13.085,7.452,35973.781,,,11.62,,,,,76.29,
ABW,North America,Aruba,2020-10-03,4038,40,34.143,30,3,0.714,37821.029,374.651,319.791,280.988,28.099,6.69,,,,,,,,,,,,,,,,,,50.46,106766,584.8,41.2,13.085,7.452,35973.781,,,11.62,,,,,76.29,
ABW,North America,Aruba,2020-10-04,4074,36,34.571,30,0,0.714,38158.215,337.186,323.806,280.988,0,6.69,,,,,,,,,,,,,,,,,,50.46,106766,584.8,41.2,13.085,7.452,35973.781,,,11.62,,,,,76.29,
ABW,North America,Aruba,2020-10-05,4079,5,33.571,30,0,0.714,38205.047,46.831,314.439,280.988,0,6.69,,,,,,,,,,,,,,,,,,50.46,106766,584.8,41.2,13.085,7.452,35973.781,,,11.62,,,,,76.29,
ABW,North America,Aruba,2020-10-06,4079,0,29.571,30,0,0.714,38205.047,0,276.974,280.988,0,6.69,,,,,,,,,,,,,,,,,,50.46,106766,584.8,41.2,13.085,7.452,35973.781,,,11.62,,,,,76.29,
ABW,North America,Aruba,2020-10-07,4094,15,22.857,31,1,0.714,38345.541,140.494,214.086,290.355,9.366,6.69,,,,,,,,,,,,,,,,,,50.46,106766,584.8,41.2,13.085,7.452,35973.781,,,11.62,,,,,76.29,
ABW,North America,Aruba,2020-10-08,4108,14,20.714,31,0,0.571,38476.669,131.128,194.016,290.355,0,5.352,,,,,,,,,,,,,,,,,,50.46,106766,584.8,41.2,13.085,7.452,35973.781,,,11.62,,,,,76.29,
ABW,North America,Aruba,2020-10-09,4133,25,19.286,31,0,0.571,38710.826,234.157,180.635,290.355,0,5.352,,,,,,,,,,,,,,,,,,50.46,106766,584.8,41.2,13.085,7.452,35973.781,,,11.62,,,,,76.29,
ABW,North America,Aruba,2020-10-10,4167,34,18.429,32,1,0.286,39029.279,318.453,172.607,299.721,9.366,2.676,,,,,,,,,,,,,,,,,,50.46,106766,584.8,41.2,13.085,7.452,35973.781,,,11.62,,,,,76.29,
ABW,North America,Aruba,2020-10-11,4188,21,16.286,32,0,0.286,39225.971,196.692,152.537,299.721,0,2.676,,,,,,,,,,,,,,,,,,50.46,106766,584.8,41.2,13.085,7.452,35973.781,,,11.62,,,,,76.29,
ABW,North America,Aruba,2020-10-12,4194,6,16.429,32,0,0.286,39282.168,56.198,153.875,299.721,0,2.676,,,,,,,,,,,,,,,,,,50.46,106766,584.8,41.2,13.085,7.452,35973.781,,,11.62,,,,,76.29,
ABW,North America,Aruba,2020-10-13,4197,3,16.857,32,0,0.286,39310.267,28.099,157.889,299.721,0,2.676,,,,,,,,,,,,,,,,,,50.46,106766,584.8,41.2,13.085,7.452,35973.781,,,11.62,,,,,76.29,
ABW,North America,Aruba,2020-10-14,4229,32,19.286,32,0,0.143,39609.988,299.721,180.635,299.721,0,1.338,,,,,,,,,,,,,,,,,,50.46,106766,584.8,41.2,13.085,7.452,35973.781,,,11.62,,,,,76.29,
ABW,North America,Aruba,2020-10-15,4255,26,21,32,0,0.143,39853.511,243.523,196.692,299.721,0,1.338,,,,,,,,,,,,,,,,,,50.46,106766,584.8,41.2,13.085,7.452,35973.781,,,11.62,,,,,76.29,
ABW,North America,Aruba,2020-10-16,4285,30,21.714,32,0,0.143,40134.5,280.988,203.382,299.721,0,1.338,,,,,,,,,,,,,,,,,,50.46,106766,584.8,41.2,13.085,7.452,35973.781,,,11.62,,,,,76.29,
ABW,North America,Aruba,2020-10-17,4289,4,17.429,32,0,0,40171.965,37.465,163.241,299.721,0,0,,,,,,,,,,,,,,,,,,50.46,106766,584.8,41.2,13.085,7.452,35973.781,,,11.62,,,,,76.29,
ABW,North America,Aruba,2020-10-18,4304,15,16.571,34,2,0.286,40312.459,140.494,155.213,318.453,18.733,2.676,,,,,,,,,,,,,,,,,,50.46,106766,584.8,41.2,13.085,7.452,35973.781,,,11.62,,,,,76.29,
ABW,North America,Aruba,2020-10-19,4322,18,18.286,34,0,0.286,40481.052,168.593,171.269,318.453,0,2.676,,,,,,,,,,,,,,,,,,50.46,106766,584.8,41.2,13.085,7.452,35973.781,,,11.62,,,,,76.29,
ABW,North America,Aruba,2020-10-20,4334,12,19.571,34,0,0.286,40593.447,112.395,183.311,318.453,0,2.676,,,,,,,,,,,,,,,,,,50.46,106766,584.8,41.2,13.085,7.452,35973.781,,,11.62,,,,,76.29,
ABW,North America,Aruba,2020-10-21,4355,21,18,34,0,0.286,40790.139,196.692,168.593,318.453,0,2.676,,,,,,,,,,,,,,,,,,50.46,106766,584.8,41.2,13.085,7.452,35973.781,,,11.62,,,,,76.29,
ABW,North America,Aruba,2020-10-22,4369,14,16.286,35,1,0.429,40921.267,131.128,152.537,327.82,9.366,4.014,,,,,,,,,,,,,,,,,,,106766,584.8,41.2,13.085,7.452,35973.781,,,11.62,,,,,76.29,
ABW,North America,Aruba,2020-10-23,4389,20,14.857,36,1,0.571,41108.593,187.326,139.156,337.186,9.366,5.352,,,,,,,,,,,,,,,,,,,106766,584.8,41.2,13.085,7.452,35973.781,,,11.62,,,,,76.29,
ABW,North America,Aruba,2020-10-24,4401,12,16,36,0,0.571,41220.988,112.395,149.86,337.186,0,5.352,,,,,,,,,,,,,,,,,,,106766,584.8,41.2,13.085,7.452,35973.781,,,11.62,,,,,76.29,
ABW,North America,Aruba,2020-10-25,4410,9,15.143,36,0,0.286,41305.284,84.296,141.832,337.186,0,2.676,,,,,,,,,,,,,,,,,,,106766,584.8,41.2,13.085,7.452,35973.781,,,11.62,,,,,76.29,
ABW,North America,Aruba,2020-10-26,4420,10,14,36,0,0.286,41398.947,93.663,131.128,337.186,0,2.676,,,,,,,,,,,,,,,,,,,106766,584.8,41.2,13.085,7.452,35973.781,,,11.62,,,,,76.29,
ABW,North America,Aruba,2020-10-27,4420,0,12.286,36,0,0.286,41398.947,0,115.071,337.186,0,2.676,,,,,,,,,,,,,,,,,,,106766,584.8,41.2,13.085,7.452,35973.781,,,11.62,,,,,76.29,
ABW,North America,Aruba,2020-10-28,4420,0,9.286,36,0,0.286,41398.947,0,86.973,337.186,0,2.676,,,,,,,,,,,,,,,,,,,106766,584.8,41.2,13.085,7.452,35973.781,,,11.62,,,,,76.29,
ABW,North America,Aruba,2020-10-29,4437,17,9.714,36,0,0.143,41558.174,159.227,90.987,337.186,0,1.338,,,,,,,,,,,,,,,,,,,106766,584.8,41.2,13.085,7.452,35973.781,,,11.62,,,,,76.29,
ABW,North America,Aruba,2020-10-30,4455,18,9.429,37,1,0.143,41726.767,168.593,88.311,346.552,9.366,1.338,,,,,,,,,,,,,,,,,,,106766,584.8,41.2,13.085,7.452,35973.781,,,11.62,,,,,76.29,
ABW,North America,Aruba,2020-10-31,4472,17,10.143,37,0,0.143,41885.994,159.227,95.001,346.552,0,1.338,,,,,,,,,,,,,,,,,,,106766,584.8,41.2,13.085,7.452,35973.781,,,11.62,,,,,76.29,
ABW,North America,Aruba,2020-11-01,4513,41,14.714,38,1,0.286,42270.011,384.017,137.818,355.919,9.366,2.676,,,,,,,,,,,,,,,,,,,106766,584.8,41.2,13.085,7.452,35973.781,,,11.62,,,,,76.29,
ABW,North America,Aruba,2020-11-02,4519,6,14.143,38,0,0.286,42326.209,56.198,132.466,355.919,0,2.676,,,,,,,,,,,,,,,,,,,106766,584.8,41.2,13.085,7.452,35973.781,,,11.62,,,,,76.29,
AFG,Asia,Afghanistan,2019-12-31,,0,,,0,,,0,,,0,,,,,,,,,,,,,,,,,,,,38928341,54.422,18.6,2.581,1.337,1803.987,,597.029,9.59,,,37.746,0.5,64.83,0.498
AFG,Asia,Afghanistan,2020-01-01,,0,,,0,,,0,,,0,,,,,,,,,,,,,,,,,,,0,38928341,54.422,18.6,2.581,1.337,1803.987,,597.029,9.59,,,37.746,0.5,64.83,0.498
AFG,Asia,Afghanistan,2020-01-02,,0,,,0,,,0,,,0,,,,,,,,,,,,,,,,,,,0,38928341,54.422,18.6,2.581,1.337,1803.987,,597.029,9.59,,,37.746,0.5,64.83,0.498
AFG,Asia,Afghanistan,2020-01-03,,0,,,0,,,0,,,0,,,,,,,,,,,,,,,,,,,0,38928341,54.422,18.6,2.581,1.337,1803.987,,597.029,9.59,,,37.746,0.5,64.83,0.498
AFG,Asia,Afghanistan,2020-01-04,,0,,,0,,,0,,,0,,,,,,,,,,,,,,,,,,,0,38928341,54.422,18.6,2.581,1.337,1803.987,,597.029,9.59,,,37.746,0.5,64.83,0.498
AFG,Asia,Afghanistan,2020-01-05,,0,,,0,,,0,,,0,,,,,,,,,,,,,,,,,,,0,38928341,54.422,18.6,2.581,1.337,1803.987,,597.029,9.59,,,37.746,0.5,64.83,0.498
AFG,Asia,Afghanistan,2020-01-06,,0,0,,0,0,,0,0,,0,0,,,,,,,,,,,,,,,,,,0,38928341,54.422,18.6,2.581,1.337,1803.987,,597.029,9.59,,,37.746,0.5,64.83,0.498
AFG,Asia,Afghanistan,2020-01-07,,0,0,,0,0,,0,0,,0,0,,,,,,,,,,,,,,,,,,0,38928341,54.422,18.6,2.581,1.337,1803.987,,597.029,9.59,,,37.746,0.5,64.83,0.498
AFG,Asia,Afghanistan,2020-01-08,,0,0,,0,0,,0,0,,0,0,,,,,,,,,,,,,,,,,,0,38928341,54.422,18.6,2.581,1.337,1803.987,,597.029,9.59,,,37.746,0.5,64.83,0.498
AFG,Asia,Afghanistan,2020-01-09,,0,0,,0,0,,0,0,,0,0,,,,,,,,,,,,,,,,,,0,38928341,54.422,18.6,2.581,1.337,1803.987,,597.029,9.59,,,37.746,0.5,64.83,0.498
AFG,Asia,Afghanistan,2020-01-10,,0,0,,0,0,,0,0,,0,0,,,,,,,,,,,,,,,,,,0,38928341,54.422,18.6,2.581,1.337,1803.987,,597.029,9.59,,,37.746,0.5,64.83,0.498
AFG,Asia,Afghanistan,2020-01-11,,0,0,,0,0,,0,0,,0,0,,,,,,,,,,,,,,,,,,0,38928341,54.422,18.6,2.581,1.337,1803.987,,597.029,9.59,,,37.746,0.5,64.83,0.498
AFG,Asia,Afghanistan,2020-01-12,,0,0,,0,0,,0,0,,0,0,,,,,,,,,,,,,,,,,,0,38928341,54.422,18.6,2.581,1.337,1803.987,,597.029,9.59,,,37.746,0.5,64.83,0.498
AFG,Asia,Afghanistan,2020-01-13,,0,0,,0,0,,0,0,,0,0,,,,,,,,,,,,,,,,,,0,38928341,54.422,18.6,2.581,1.337,1803.987,,597.029,9.59,,,37.746,0.5,64.83,0.498
AFG,Asia,Afghanistan,2020-01-14,,0,0,,0,0,,0,0,,0,0,,,,,,,,,,,,,,,,,,0,38928341,54.422,18.6,2.581,1.337,1803.987,,597.029,9.59,,,37.746,0.5,64.83,0.498
AFG,Asia,Afghanistan,2020-01-15,,0,0,,0,0,,0,0,,0,0,,,,,,,,,,,,,,,,,,0,38928341,54.422,18.6,2.581,1.337,1803.987,,597.029,9.59,,,37.746,0.5,64.83,0.498
AFG,Asia,Afghanistan,2020-01-16,,0,0,,0,0,,0,0,,0,0,,,,,,,,,,,,,,,,,,0,38928341,54.422,18.6,2.581,1.337,1803.987,,597.029,9.59,,,37.746,0.5,64.83,0.498
AFG,Asia,Afghanistan,2020-01-17,,0,0,,0,0,,0,0,,0,0,,,,,,,,,,,,,,,,,,0,38928341,54.422,18.6,2.581,1.337,1803.987,,597.029,9.59,,,37.746,0.5,64.83,0.498
AFG,Asia,Afghanistan,2020-01-18,,0,0,,0,0,,0,0,,0,0,,,,,,,,,,,,,,,,,,0,38928341,54.422,18.6,2.581,1.337,1803.987,,597.029,9.59,,,37.746,0.5,64.83,0.498
AFG,Asia,Afghanistan,2020-01-19,,0,0,,0,0,,0,0,,0,0,,,,,,,,,,,,,,,,,,0,38928341,54.422,18.6,2.581,1.337,1803.987,,597.029,9.59,,,37.746,0.5,64.83,0.498
AFG,Asia,Afghanistan,2020-01-20,,0,0,,0,0,,0,0,,0,0,,,,,,,,,,,,,,,,,,0,38928341,54.422,18.6,2.581,1.337,1803.987,,597.029,9.59,,,37.746,0.5,64.83,0.498
AFG,Asia,Afghanistan,2020-01-21,,0,0,,0,0,,0,0,,0,0,,,,,,,,,,,,,,,,,,0,38928341,54.422,18.6,2.581,1.337,1803.987,,597.029,9.59,,,37.746,0.5,64.83,0.498
AFG,Asia,Afghanistan,2020-01-22,,0,0,,0,0,,0,0,,0,0,,,,,,,,,,,,,,,,,,0,38928341,54.422,18.6,2.581,1.337,1803.987,,597.029,9.59,,,37.746,0.5,64.83,0.498
AFG,Asia,Afghanistan,2020-01-23,,0,0,,0,0,,0,0,,0,0,,,,,,,,,,,,,,,,,,0,38928341,54.422,18.6,2.581,1.337,1803.987,,597.029,9.59,,,37.746,0.5,64.83,0.498
AFG,Asia,Afghanistan,2020-01-24,,0,0,,0,0,,0,0,,0,0,,,,,,,,,,,,,,,,,,0,38928341,54.422,18.6,2.581,1.337,1803.987,,597.029,9.59,,,37.746,0.5,64.83,0.498
AFG,Asia,Afghanistan,2020-01-25,,0,0,,0,0,,0,0,,0,0,,,,,,,,,,,,,,,,,,0,38928341,54.422,18.6,2.581,1.337,1803.987,,597.029,9.59,,,37.746,0.5,64.83,0.498
AFG,Asia,Afghanistan,2020-01-26,,0,0,,0,0,,0,0,,0,0,,,,,,,,,,,,,,,,,,0,38928341,54.422,18.6,2.581,1.337,1803.987,,597.029,9.59,,,37.746,0.5,64.83,0.498
AFG,Asia,Afghanistan,2020-01-27,,0,0,,0,0,,0,0,,0,0,,,,,,,,,,,,,,,,,,0,38928341,54.422,18.6,2.581,1.337,1803.987,,597.029,9.59,,,37.746,0.5,64.83,0.498
AFG,Asia,Afghanistan,2020-01-28,,0,0,,0,0,,0,0,,0,0,,,,,,,,,,,,,,,,,,0,38928341,54.422,18.6,2.581,1.337,1803.987,,597.029,9.59,,,37.746,0.5,64.83,0.498
AFG,Asia,Afghanistan,2020-01-29,,0,0,,0,0,,0,0,,0,0,,,,,,,,,,,,,,,,,,0,38928341,54.422,18.6,2.581,1.337,1803.987,,597.029,9.59,,,37.746,0.5,64.83,0.498
AFG,Asia,Afghanistan,2020-01-30,,0,0,,0,0,,0,0,,0,0,,,,,,,,,,,,,,,,,,0,38928341,54.422,18.6,2.581,1.337,1803.987,,597.029,9.59,,,37.746,0.5,64.83,0.498
AFG,Asia,Afghanistan,2020-01-31,,0,0,,0,0,,0,0,,0,0,,,,,,,,,,,,,,,,,,0,38928341,54.422,18.6,2.581,1.337,1803.987,,597.029,9.59,,,37.746,0.5,64.83,0.498
AFG,Asia,Afghanistan,2020-02-01,,0,0,,0,0,,0,0,,0,0,,,,,,,,,,,,,,,,,,0,38928341,54.422,18.6,2.581,1.337,1803.987,,597.029,9.59,,,37.746,0.5,64.83,0.498
AFG,Asia,Afghanistan,2020-02-02,,0,0,,0,0,,0,0,,0,0,,,,,,,,,,,,,,,,,,0,38928341,54.422,18.6,2.581,1.337,1803.987,,597.029,9.59,,,37.746,0.5,64.83,0.498
AFG,Asia,Afghanistan,2020-02-03,,0,0,,0,0,,0,0,,0,0,,,,,,,,,,,,,,,,,,0,38928341,54.422,18.6,2.581,1.337,1803.987,,597.029,9.59,,,37.746,0.5,64.83,0.498
AFG,Asia,Afghanistan,2020-02-04,,0,0,,0,0,,0,0,,0,0,,,,,,,,,,,,,,,,,,0,38928341,54.422,18.6,2.581,1.337,1803.987,,597.029,9.59,,,37.746,0.5,64.83,0.498
AFG,Asia,Afghanistan,2020-02-05,,0,0,,0,0,,0,0,,0,0,,,,,,,,,,,,,,,,,,0,38928341,54.422,18.6,2.581,1.337,1803.987,,597.029,9.59,,,37.746,0.5,64.83,0.498
AFG,Asia,Afghanistan,2020-02-06,,0,0,,0,0,,0,0,,0,0,,,,,,,,,,,,,,,,,,0,38928341,54.422,18.6,2.581,1.337,1803.987,,597.029,9.59,,,37.746,0.5,64.83,0.498
AFG,Asia,Afghanistan,2020-02-07,,0,0,,0,0,,0,0,,0,0,,,,,,,,,,,,,,,,,,0,38928341,54.422,18.6,2.581,1.337,1803.987,,597.029,9.59,,,37.746,0.5,64.83,0.498
AFG,Asia,Afghanistan,2020-02-08,,0,0,,0,0,,0,0,,0,0,,,,,,,,,,,,,,,,,,0,38928341,54.422,18.6,2.581,1.337,1803.987,,597.029,9.59,,,37.746,0.5,64.83,0.498
AFG,Asia,Afghanistan,2020-02-09,,0,0,,0,0,,0,0,,0,0,,,,,,,,,,,,,,,,,,0,38928341,54.422,18.6,2.581,1.337,1803.987,,597.029,9.59,,,37.746,0.5,64.83,0.498
AFG,Asia,Afghanistan,2020-02-10,,0,0,,0,0,,0,0,,0,0,,,,,,,,,,,,,,,,,,0,38928341,54.422,18.6,2.581,1.337,1803.987,,597.029,9.59,,,37.746,0.5,64.83,0.498
AFG,Asia,Afghanistan,2020-02-11,,0,0,,0,0,,0,0,,0,0,,,,,,,,,,,,,,,,,,0,38928341,54.422,18.6,2.581,1.337,1803.987,,597.029,9.59,,,37.746,0.5,64.83,0.498
AFG,Asia,Afghanistan,2020-02-12,,0,0,,0,0,,0,0,,0,0,,,,,,,,,,,,,,,,,,0,38928341,54.422,18.6,2.581,1.337,1803.987,,597.029,9.59,,,37.746,0.5,64.83,0.498
AFG,Asia,Afghanistan,2020-02-13,,0,0,,0,0,,0,0,,0,0,,,,,,,,,,,,,,,,,,0,38928341,54.422,18.6,2.581,1.337,1803.987,,597.029,9.59,,,37.746,0.5,64.83,0.498
AFG,Asia,Afghanistan,2020-02-14,,0,0,,0,0,,0,0,,0,0,,,,,,,,,,,,,,,,,,0,38928341,54.422,18.6,2.581,1.337,1803.987,,597.029,9.59,,,37.746,0.5,64.83,0.498
AFG,Asia,Afghanistan,2020-02-15,,0,0,,0,0,,0,0,,0,0,,,,,,,,,,,,,,,,,,0,38928341,54.422,18.6,2.581,1.337,1803.987,,597.029,9.59,,,37.746,0.5,64.83,0.498
AFG,Asia,Afghanistan,2020-02-16,,0,0,,0,0,,0,0,,0,0,,,,,,,,,,,,,,,,,,0,38928341,54.422,18.6,2.581,1.337,1803.987,,597.029,9.59,,,37.746,0.5,64.83,0.498
AFG,Asia,Afghanistan,2020-02-17,,0,0,,0,0,,0,0,,0,0,,,,,,,,,,,,,,,,,,0,38928341,54.422,18.6,2.581,1.337,1803.987,,597.029,9.59,,,37.746,0.5,64.83,0.498
AFG,Asia,Afghanistan,2020-02-18,,0,0,,0,0,,0,0,,0,0,,,,,,,,,,,,,,,,,,0,38928341,54.422,18.6,2.581,1.337,1803.987,,597.029,9.59,,,37.746,0.5,64.83,0.498
AFG,Asia,Afghanistan,2020-02-19,,0,0,,0,0,,0,0,,0,0,,,,,,,,,,,,,,,,,,0,38928341,54.422,18.6,2.581,1.337,1803.987,,597.029,9.59,,,37.746,0.5,64.83,0.498
AFG,Asia,Afghanistan,2020-02-20,,0,0,,0,0,,0,0,,0,0,,,,,,,,,,,,,,,,,,0,38928341,54.422,18.6,2.581,1.337,1803.987,,597.029,9.59,,,37.746,0.5,64.83,0.498
AFG,Asia,Afghanistan,2020-02-21,,0,0,,0,0,,0,0,,0,0,,,,,,,,,,,,,,,,,,0,38928341,54.422,18.6,2.581,1.337,1803.987,,597.029,9.59,,,37.746,0.5,64.83,0.498
AFG,Asia,Afghanistan,2020-02-22,,0,0,,0,0,,0,0,,0,0,,,,,,,,,,,,,,,,,,0,38928341,54.422,18.6,2.581,1.337,1803.987,,597.029,9.59,,,37.746,0.5,64.83,0.498
AFG,Asia,Afghanistan,2020-02-23,,0,0,,0,0,,0,0,,0,0,,,,,,,,,,,,,,,,,,8.33,38928341,54.422,18.6,2.581,1.337,1803.987,,597.029,9.59,,,37.746,0.5,64.83,0.498
AFG,Asia,Afghanistan,2020-02-24,,0,0,,0,0,,0,0,,0,0,,,,,,,,,,,,,,,,,,8.33,38928341,54.422,18.6,2.581,1.337,1803.987,,597.029,9.59,,,37.746,0.5,64.83,0.498
AFG,Asia,Afghanistan,2020-02-25,1,1,0.143,,0,0,0.026,0.026,0.004,,0,0,,,,,,,,,,,,,,,,,,8.33,38928341,54.422,18.6,2.581,1.337,1803.987,,597.029,9.59,,,37.746,0.5,64.83,0.498
AFG,Asia,Afghanistan,2020-02-26,1,0,0.143,,0,0,0.026,0,0.004,,0,0,,,,,,,,,,,,,,,,,,8.33,38928341,54.422,18.6,2.581,1.337,1803.987,,597.029,9.59,,,37.746,0.5,64.83,0.498
AFG,Asia,Afghanistan,2020-02-27,1,0,0.143,,0,0,0.026,0,0.004,,0,0,,,,,,,,,,,,,,,,,,8.33,38928341,54.422,18.6,2.581,1.337,1803.987,,597.029,9.59,,,37.746,0.5,64.83,0.498
AFG,Asia,Afghanistan,2020-02-28,1,0,0.143,,0,0,0.026,0,0.004,,0,0,,,,,,,,,,,,,,,,,,8.33,38928341,54.422,18.6,2.581,1.337,1803.987,,597.029,9.59,,,37.746,0.5,64.83,0.498
AFG,Asia,Afghanistan,2020-02-29,1,0,0.143,,0,0,0.026,0,0.004,,0,0,,,,,,,,,,,,,,,,,,8.33,38928341,54.422,18.6,2.581,1.337,1803.987,,597.029,9.59,,,37.746,0.5,64.83,0.498
AFG,Asia,Afghanistan,2020-03-01,1,0,0.143,,0,0,0.026,0,0.004,,0,0,,,,,,,,,,,,,,,,,,27.78,38928341,54.422,18.6,2.581,1.337,1803.987,,597.029,9.59,,,37.746,0.5,64.83,0.498
AFG,Asia,Afghanistan,2020-03-02,1,0,0.143,,0,0,0.026,0,0.004,,0,0,,,,,,,,,,,,,,,,,,27.78,38928341,54.422,18.6,2.581,1.337,1803.987,,597.029,9.59,,,37.746,0.5,64.83,0.498
AFG,Asia,Afghanistan,2020-03-03,,,0,,,0,,,0,,,0,,,,,,,,,,,,,,,,,,27.78,38928341,54.422,18.6,2.581,1.337,1803.987,,597.029,9.59,,,37.746,0.5,64.83,0.498
AFG,Asia,Afghanistan,2020-03-04,,,0,,,0,,,0,,,0,,,,,,,,,,,,,,,,,,27.78,38928341,54.422,18.6,2.581,1.337,1803.987,,597.029,9.59,,,37.746,0.5,64.83,0.498
AFG,Asia,Afghanistan,2020-03-05,,,0,,,0,,,0,,,0,,,,,,,,,,,,,,,,,,27.78,38928341,54.422,18.6,2.581,1.337,1803.987,,597.029,9.59,,,37.746,0.5,64.83,0.498
AFG,Asia,Afghanistan,2020-03-06,,,0,,,0,,,0,,,0,,,,,,,,,,,,,,,,,,27.78,38928341,54.422,18.6,2.581,1.337,1803.987,,597.029,9.59,,,37.746,0.5,64.83,0.498
AFG,Asia,Afghanistan,2020-03-07,,,0,,,0,,,0,,,0,,,,,,,,,,,,,,,,,,27.78,38928341,54.422,18.6,2.581,1.337,1803.987,,597.029,9.59,,,37.746,0.5,64.83,0.498
AFG,Asia,Afghanistan,2020-03-08,4,3,0.429,,0,0,0.103,0.077,0.011,,0,0,,,,,,,,,,,,,,,,,,27.78,38928341,54.422,18.6,2.581,1.337,1803.987,,597.029,9.59,,,37.746,0.5,64.83,0.498
AFG,Asia,Afghanistan,2020-03-09,,,0.429,,,0,,,0.011,,,0,,,,,,,,,,,,,,,,,,27.78,38928341,54.422,18.6,2.581,1.337,1803.987,,597.029,9.59,,,37.746,0.5,64.83,0.498
AFG,Asia,Afghanistan,2020-03-10,,,0.429,,,0,,,0.011,,,0,,,,,,,,,,,,,,,,,,27.78,38928341,54.422,18.6,2.581,1.337,1803.987,,597.029,9.59,,,37.746,0.5,64.83,0.498
AFG,Asia,Afghanistan,2020-03-11,7,3,0.857,,0,0,0.18,0.077,0.022,,0,0,,,,,,,,,,,,,,,,,,27.78,38928341,54.422,18.6,2.581,1.337,1803.987,,597.029,9.59,,,37.746,0.5,64.83,0.498
AFG,Asia,Afghanistan,2020-03-12,,,0.857,,,0,,,0.022,,,0,,,,,,,,,,,,,,,,,,27.78,38928341,54.422,18.6,2.581,1.337,1803.987,,597.029,9.59,,,37.746,0.5,64.83,0.498
AFG,Asia,Afghanistan,2020-03-13,,,0.857,,,0,,,0.022,,,0,,,,,,,,,,,,,,,,,,27.78,38928341,54.422,18.6,2.581,1.337,1803.987,,597.029,9.59,,,37.746,0.5,64.83,0.498
AFG,Asia,Afghanistan,2020-03-14,,,0.857,,,0,,,0.022,,,0,,,,,,,,,,,,,,,,,,38.89,38928341,54.422,18.6,2.581,1.337,1803.987,,597.029,9.59,,,37.746,0.5,64.83,0.498
AFG,Asia,Afghanistan,2020-03-15,10,3,0.857,,0,0,0.257,0.077,0.022,,0,0,,,,,,,,,,,,,,,,,,38.89,38928341,54.422,18.6,2.581,1.337,1803.987,,597.029,9.59,,,37.746,0.5,64.83,0.498
AFG,Asia,Afghanistan,2020-03-16,16,6,1.714,,0,0,0.411,0.154,0.044,,0,0,,,,,,,,,,,,,,,,,,38.89,38928341,54.422,18.6,2.581,1.337,1803.987,,597.029,9.59,,,37.746,0.5,64.83,0.498
AFG,Asia,Afghanistan,2020-03-17,21,5,2.429,,0,0,0.539,0.128,0.062,,0,0,,,,,,,,,,,,,,,,,,38.89,38928341,54.422,18.6,2.581,1.337,1803.987,,597.029,9.59,,,37.746,0.5,64.83,0.498
AFG,Asia,Afghanistan,2020-03-18,22,1,2.143,,0,0,0.565,0.026,0.055,,0,0,,,,,,,,,,,,,,,,,,41.67,38928341,54.422,18.6,2.581,1.337,1803.987,,597.029,9.59,,,37.746,0.5,64.83,0.498
AFG,Asia,Afghanistan,2020-03-19,22,0,2.143,,0,0,0.565,0,0.055,,0,0,,,,,,,,,,,,,,,,,,41.67,38928341,54.422,18.6,2.581,1.337,1803.987,,597.029,9.59,,,37.746,0.5,64.83,0.498
AFG,Asia,Afghanistan,2020-03-20,22,0,2.143,,0,0,0.565,0,0.055,,0,0,,,,,,,,,,,,,,,,,,41.67,38928341,54.422,18.6,2.581,1.337,1803.987,,597.029,9.59,,,37.746,0.5,64.83,0.498
AFG,Asia,Afghanistan,2020-03-21,24,2,2.429,,0,0,0.617,0.051,0.062,,0,0,,,,,,,,,,,,,,,,,,41.67,38928341,54.422,18.6,2.581,1.337,1803.987,,597.029,9.59,,,37.746,0.5,64.83,0.498
AFG,Asia,Afghanistan,2020-03-22,24,0,2,,0,0,0.617,0,0.051,,0,0,,,,,,,,,,,,,,,,,,41.67,38928341,54.422,18.6,2.581,1.337,1803.987,,597.029,9.59,,,37.746,0.5,64.83,0.498
AFG,Asia,Afghanistan,2020-03-23,34,10,2.571,,0,0,0.873,0.257,0.066,,0,0,,,,,,,,,,,,,,,,,,41.67,38928341,54.422,18.6,2.581,1.337,1803.987,,597.029,9.59,,,37.746,0.5,64.83,0.498
AFG,Asia,Afghanistan,2020-03-24,40,6,2.714,1,1,0.143,1.028,0.154,0.07,0.026,0.026,0.004,,,,,,,,,,,,,,,,,,50.93,38928341,54.422,18.6,2.581,1.337,1803.987,,597.029,9.59,,,37.746,0.5,64.83,0.498
AFG,Asia,Afghanistan,2020-03-25,42,2,2.857,1,0,0.143,1.079,0.051,0.073,0.026,0,0.004,,,,,,,,,,,,,,,,,,59.26,38928341,54.422,18.6,2.581,1.337,1803.987,,597.029,9.59,,,37.746,0.5,64.83,0.498
AFG,Asia,Afghanistan,2020-03-26,75,33,7.571,1,0,0.143,1.927,0.848,0.194,0.026,0,0.004,,,,,,,,,,,,,,,,,,59.26,38928341,54.422,18.6,2.581,1.337,1803.987,,597.029,9.59,,,37.746,0.5,64.83,0.498
AFG,Asia,Afghanistan,2020-03-27,75,0,7.571,1,0,0.143,1.927,0,0.194,0.026,0,0.004,,,,,,,,,,,,,,,,,,59.26,38928341,54.422,18.6,2.581,1.337,1803.987,,597.029,9.59,,,37.746,0.5,64.83,0.498
AFG,Asia,Afghanistan,2020-03-28,91,16,9.571,2,1,0.286,2.338,0.411,0.246,0.051,0.026,0.007,,,,,,,,,,,,,,,,,,67.59,38928341,54.422,18.6,2.581,1.337,1803.987,,597.029,9.59,,,37.746,0.5,64.83,0.498
AFG,Asia,Afghanistan,2020-03-29,106,15,11.714,3,1,0.429,2.723,0.385,0.301,0.077,0.026,0.011,,,,,,,,,,,,,,,,,,67.59,38928341,54.422,18.6,2.581,1.337,1803.987,,597.029,9.59,,,37.746,0.5,64.83,0.498
AFG,Asia,Afghanistan,2020-03-30,114,8,11.429,4,1,0.571,2.928,0.206,0.294,0.103,0.026,0.015,,,,,,,,,,,,,,,,,,67.59,38928341,54.422,18.6,2.581,1.337,1803.987,,597.029,9.59,,,37.746,0.5,64.83,0.498
AFG,Asia,Afghanistan,2020-03-31,141,27,14.429,4,0,0.429,3.622,0.694,0.371,0.103,0,0.011,,,,,,,,,,,,,,,,,,67.59,38928341,54.422,18.6,2.581,1.337,1803.987,,597.029,9.59,,,37.746,0.5,64.83,0.498
AFG,Asia,Afghanistan,2020-04-01,166,25,17.714,4,0,0.429,4.264,0.642,0.455,0.103,0,0.011,,,,,,,,,,,,,,,,,,67.59,38928341,54.422,18.6,2.581,1.337,1803.987,,597.029,9.59,,,37.746,0.5,64.83,0.498
AFG,Asia,Afghanistan,2020-04-02,192,26,16.714,4,0,0.429,4.932,0.668,0.429,0.103,0,0.011,,,,,,,,,,,,,,,,,,67.59,38928341,54.422,18.6,2.581,1.337,1803.987,,597.029,9.59,,,37.746,0.5,64.83,0.498
AFG,Asia,Afghanistan,2020-04-03,235,43,22.857,4,0,0.429,6.037,1.105,0.587,0.103,0,0.011,,,,,,,,,,,,,,,,,,67.59,38928341,54.422,18.6,2.581,1.337,1803.987,,597.029,9.59,,,37.746,0.5,64.83,0.498
AFG,Asia,Afghanistan,2020-04-04,235,0,20.571,4,0,0.286,6.037,0,0.528,0.103,0,0.007,,,,,,,,,,,,,,,,,,67.59,38928341,54.422,18.6,2.581,1.337,1803.987,,597.029,9.59,,,37.746,0.5,64.83,0.498
AFG,Asia,Afghanistan,2020-04-05,270,35,23.429,5,1,0.286,6.936,0.899,0.602,0.128,0.026,0.007,,,,,,,,,,,,,,,,,,78.7,38928341,54.422,18.6,2.581,1.337,1803.987,,597.029,9.59,,,37.746,0.5,64.83,0.498
AFG,Asia,Afghanistan,2020-04-06,299,29,26.429,7,2,0.429,7.681,0.745,0.679,0.18,0.051,0.011,,,,,,,,,,,,,,,,,,78.7,38928341,54.422,18.6,2.581,1.337,1803.987,,597.029,9.59,,,37.746,0.5,64.83,0.498
AFG,Asia,Afghanistan,2020-04-07,337,38,28,7,0,0.429,8.657,0.976,0.719,0.18,0,0.011,,,,,,,,,,,,,,,,,,78.7,38928341,54.422,18.6,2.581,1.337,1803.987,,597.029,9.59,,,37.746,0.5,64.83,0.498
AFG,Asia,Afghanistan,2020-04-08,367,30,28.714,11,4,1,9.428,0.771,0.738,0.283,0.103,0.026,,,,,,,,,,,,,,,,,,78.7,38928341,54.422,18.6,2.581,1.337,1803.987,,597.029,9.59,,,37.746,0.5,64.83,0.498
AFG,Asia,Afghanistan,2020-04-09,423,56,33,14,3,1.429,10.866,1.439,0.848,0.36,0.077,0.037,,,,,,,,,,,,,,,,,,78.7,38928341,54.422,18.6,2.581,1.337,1803.987,,597.029,9.59,,,37.746,0.5,64.83,0.498
AFG,Asia,Afghanistan,2020-04-10,484,61,35.571,15,1,1.571,12.433,1.567,0.914,0.385,0.026,0.04,,,,,,,,,,,,,,,,,,78.7,38928341,54.422,18.6,2.581,1.337,1803.987,,597.029,9.59,,,37.746,0.5,64.83,0.498
AFG,Asia,Afghanistan,2020-04-11,521,37,40.857,15,0,1.571,13.384,0.95,1.05,0.385,0,0.04,,,,,,,,,,,,,,,,,,78.7,38928341,54.422,18.6,2.581,1.337,1803.987,,597.029,9.59,,,37.746,0.5,64.83,0.498
AFG,Asia,Afghanistan,2020-04-12,555,34,40.714,18,3,1.857,14.257,0.873,1.046,0.462,0.077,0.048,,,,,,,,,,,,,,,,,,84.26,38928341,54.422,18.6,2.581,1.337,1803.987,,597.029,9.59,,,37.746,0.5,64.83,0.498
AFG,Asia,Afghanistan,2020-04-13,607,52,44,18,0,1.571,15.593,1.336,1.13,0.462,0,0.04,,,,,,,,,,,,,,,,,,84.26,38928341,54.422,18.6,2.581,1.337,1803.987,,597.029,9.59,,,37.746,0.5,64.83,0.498
AFG,Asia,Afghanistan,2020-04-14,665,58,46.857,21,3,2,17.083,1.49,1.204,0.539,0.077,0.051,,,,,,,,,,,,,,,,,,84.26,38928341,54.422,18.6,2.581,1.337,1803.987,,597.029,9.59,,,37.746,0.5,64.83,0.498
AFG,Asia,Afghanistan,2020-04-15,714,49,49.571,23,2,1.714,18.341,1.259,1.273,0.591,0.051,0.044,,,,,,,,,,,,,,,,,,84.26,38928341,54.422,18.6,2.581,1.337,1803.987,,597.029,9.59,,,37.746,0.5,64.83,0.498
AFG,Asia,Afghanistan,2020-04-16,784,70,51.571,25,2,1.571,20.14,1.798,1.325,0.642,0.051,0.04,,,,,,,,,,,,,,,,,,84.26,38928341,54.422,18.6,2.581,1.337,1803.987,,597.029,9.59,,,37.746,0.5,64.83,0.498
AFG,Asia,Afghanistan,2020-04-17,794,10,44.286,29,4,2,20.396,0.257,1.138,0.745,0.103,0.051,,,,,,,,,,,,,,,,,,84.26,38928341,54.422,18.6,2.581,1.337,1803.987,,597.029,9.59,,,37.746,0.5,64.83,0.498
AFG,Asia,Afghanistan,2020-04-18,845,51,46.286,30,1,2.143,21.707,1.31,1.189,0.771,0.026,0.055,,,,,,,,,,,,,,,,,,84.26,38928341,54.422,18.6,2.581,1.337,1803.987,,597.029,9.59,,,37.746,0.5,64.83,0.498
AFG,Asia,Afghanistan,2020-04-19,908,63,50.429,30,0,1.714,23.325,1.618,1.295,0.771,0,0.044,,,,,,,,,,,,,,,,,,84.26,38928341,54.422,18.6,2.581,1.337,1803.987,,597.029,9.59,,,37.746,0.5,64.83,0.498
AFG,Asia,Afghanistan,2020-04-20,996,88,55.571,33,3,2.143,25.585,2.261,1.428,0.848,0.077,0.055,,,,,,,,,,,,,,,,,,84.26,38928341,54.422,18.6,2.581,1.337,1803.987,,597.029,9.59,,,37.746,0.5,64.83,0.498
AFG,Asia,Afghanistan,2020-04-21,1031,35,52.286,35,2,2,26.485,0.899,1.343,0.899,0.051,0.051,,,,,,,,,,,,,,,,,,84.26,38928341,54.422,18.6,2.581,1.337,1803.987,,597.029,9.59,,,37.746,0.5,64.83,0.498
AFG,Asia,Afghanistan,2020-04-22,1092,61,54,36,1,1.857,28.052,1.567,1.387,0.925,0.026,0.048,,,,,,,,,,,,,,,,,,84.26,38928341,54.422,18.6,2.581,1.337,1803.987,,597.029,9.59,,,37.746,0.5,64.83,0.498
AFG,Asia,Afghanistan,2020-04-23,1176,84,56,40,4,2.143,30.209,2.158,1.439,1.028,0.103,0.055,,,,,,,,,,,,,,,,,,84.26,38928341,54.422,18.6,2.581,1.337,1803.987,,597.029,9.59,,,37.746,0.5,64.83,0.498
AFG,Asia,Afghanistan,2020-04-24,1281,105,69.571,42,2,1.857,32.907,2.697,1.787,1.079,0.051,0.048,,,,,,,,,,,,,,,,,,84.26,38928341,54.422,18.6,2.581,1.337,1803.987,,597.029,9.59,,,37.746,0.5,64.83,0.498
AFG,Asia,Afghanistan,2020-04-25,1351,70,72.286,43,1,1.857,34.705,1.798,1.857,1.105,0.026,0.048,,,,,,,,,,,,,,,,,,84.26,38928341,54.422,18.6,2.581,1.337,1803.987,,597.029,9.59,,,37.746,0.5,64.83,0.498
AFG,Asia,Afghanistan,2020-04-26,1463,112,79.286,47,4,2.429,37.582,2.877,2.037,1.207,0.103,0.062,,,,,,,,,,,,,,,,,,84.26,38928341,54.422,18.6,2.581,1.337,1803.987,,597.029,9.59,,,37.746,0.5,64.83,0.498
AFG,Asia,Afghanistan,2020-04-27,1531,68,76.429,57,10,3.429,39.329,1.747,1.963,1.464,0.257,0.088,,,,,,,,,,,,,,,,,,84.26,38928341,54.422,18.6,2.581,1.337,1803.987,,597.029,9.59,,,37.746,0.5,64.83,0.498
AFG,Asia,Afghanistan,2020-04-28,1703,172,96,57,0,3.143,43.747,4.418,2.466,1.464,0,0.081,,,,,,,,,,,,,,,,,,84.26,38928341,54.422,18.6,2.581,1.337,1803.987,,597.029,9.59,,,37.746,0.5,64.83,0.498
AFG,Asia,Afghanistan,2020-04-29,1827,124,105,60,3,3.429,46.932,3.185,2.697,1.541,0.077,0.088,,,,,,,,,,,,,,,,,,84.26,38928341,54.422,18.6,2.581,1.337,1803.987,,597.029,9.59,,,37.746,0.5,64.83,0.498
AFG,Asia,Afghanistan,2020-04-30,1949,122,110.429,60,0,2.857,50.066,3.134,2.837,1.541,0,0.073,,,,,,,,,,,,,,,,,,84.26,38928341,54.422,18.6,2.581,1.337,1803.987,,597.029,9.59,,,37.746,0.5,64.83,0.498
AFG,Asia,Afghanistan,2020-05-01,2171,222,127.143,64,4,3.143,55.769,5.703,3.266,1.644,0.103,0.081,,,,,,,,,,,,,,,,,,84.26,38928341,54.422,18.6,2.581,1.337,1803.987,,597.029,9.59,,,37.746,0.5,64.83,0.498
AFG,Asia,Afghanistan,2020-05-02,2335,164,140.571,68,4,3.571,59.982,4.213,3.611,1.747,0.103,0.092,,,,,,,,,,,,,,,,,,84.26,38928341,54.422,18.6,2.581,1.337,1803.987,,597.029,9.59,,,37.746,0.5,64.83,0.498
AFG,Asia,Afghanistan,2020-05-03,2469,134,143.714,72,4,3.571,63.424,3.442,3.692,1.85,0.103,0.092,,,,,,,,,,,,,,,,,,84.26,38928341,54.422,18.6,2.581,1.337,1803.987,,597.029,9.59,,,37.746,0.5,64.83,0.498
AFG,Asia,Afghanistan,2020-05-04,2704,235,167.571,85,13,4,69.461,6.037,4.305,2.183,0.334,0.103,,,,,,,,,,,,,,,,,,84.26,38928341,54.422,18.6,2.581,1.337,1803.987,,597.029,9.59,,,37.746,0.5,64.83,0.498
AFG,Asia,Afghanistan,2020-05-05,2894,190,170.143,90,5,4.714,74.342,4.881,4.371,2.312,0.128,0.121,,,,,,,,,,,,,,,,,,84.26,38928341,54.422,18.6,2.581,1.337,1803.987,,597.029,9.59,,,37.746,0.5,64.83,0.498
AFG,Asia,Afghanistan,2020-05-06,3224,330,199.571,95,5,5,82.819,8.477,5.127,2.44,0.128,0.128,,,,,,,,,,,,,,,,,,84.26,38928341,54.422,18.6,2.581,1.337,1803.987,,597.029,9.59,,,37.746,0.5,64.83,0.498
AFG,Asia,Afghanistan,2020-05-07,3392,168,206.143,104,9,6.286,87.134,4.316,5.295,2.672,0.231,0.161,,,,,,,,,,,,,,,,,,84.26,38928341,54.422,18.6,2.581,1.337,1803.987,,597.029,9.59,,,37.746,0.5,64.83,0.498
AFG,Asia,Afghanistan,2020-05-08,3563,171,198.857,106,2,6,91.527,4.393,5.108,2.723,0.051,0.154,,,,,,,,,,,,,,,,,,84.26,38928341,54.422,18.6,2.581,1.337,1803.987,,597.029,9.59,,,37.746,0.5,64.83,0.498
AFG,Asia,Afghanistan,2020-05-09,3778,215,206.143,109,3,5.857,97.05,5.523,5.295,2.8,0.077,0.15,,,,,,,,,,,,,,,,,,84.26,38928341,54.422,18.6,2.581,1.337,1803.987,,597.029,9.59,,,37.746,0.5,64.83,0.498
AFG,Asia,Afghanistan,2020-05-10,4033,255,223.429,115,6,6.143,103.601,6.55,5.739,2.954,0.154,0.158,,,,,,,,,,,,,,,,,,84.26,38928341,54.422,18.6,2.581,1.337,1803.987,,597.029,9.59,,,37.746,0.5,64.83,0.498
AFG,Asia,Afghanistan,2020-05-11,4402,369,242.571,120,5,5,113.08,9.479,6.231,3.083,0.128,0.128,,,,,,,,,,,,,,,,,,84.26,38928341,54.422,18.6,2.581,1.337,1803.987,,597.029,9.59,,,37.746,0.5,64.83,0.498
AFG,Asia,Afghanistan,2020-05-12,4687,285,256.143,122,2,4.571,120.401,7.321,6.58,3.134,0.051,0.117,,,,,,,,,,,,,,,,,,84.26,38928341,54.422,18.6,2.581,1.337,1803.987,,597.029,9.59,,,37.746,0.5,64.83,0.498
AFG,Asia,Afghanistan,2020-05-13,4967,280,249,127,5,4.571,127.593,7.193,6.396,3.262,0.128,0.117,,,,,,,,,,,,,,,,,,84.26,38928341,54.422,18.6,2.581,1.337,1803.987,,597.029,9.59,,,37.746,0.5,64.83,0.498
AFG,Asia,Afghanistan,2020-05-14,5226,259,262,130,3,3.714,134.247,6.653,6.73,3.339,0.077,0.095,,,,,,,,,,,,,,,,,,84.26,38928341,54.422,18.6,2.581,1.337,1803.987,,597.029,9.59,,,37.746,0.5,64.83,0.498
AFG,Asia,Afghanistan,2020-05-15,5339,113,253.714,136,6,4.286,137.149,2.903,6.517,3.494,0.154,0.11,,,,,,,,,,,,,,,,,,84.26,38928341,54.422,18.6,2.581,1.337,1803.987,,597.029,9.59,,,37.746,0.5,64.83,0.498
AFG,Asia,Afghanistan,2020-05-16,6402,1063,374.857,168,32,8.429,164.456,27.307,9.629,4.316,0.822,0.217,,,,,,,,,,,,,,,,,,84.26,38928341,54.422,18.6,2.581,1.337,1803.987,,597.029,9.59,,,37.746,0.5,64.83,0.498
AFG,Asia,Afghanistan,2020-05-17,6402,0,338.429,168,0,7.571,164.456,0,8.694,4.316,0,0.194,,,,,,,,,,,,,,,,,,84.26,38928341,54.422,18.6,2.581,1.337,1803.987,,597.029,9.59,,,37.746,0.5,64.83,0.498
AFG,Asia,Afghanistan,2020-05-18,6664,262,323.143,169,1,7,171.186,6.73,8.301,4.341,0.026,0.18,,,,,,,,,,,,,,,,,,84.26,38928341,54.422,18.6,2.581,1.337,1803.987,,597.029,9.59,,,37.746,0.5,64.83,0.498
AFG,Asia,Afghanistan,2020-05-19,7072,408,340.714,173,4,7.286,181.667,10.481,8.752,4.444,0.103,0.187,,,,,,,,,,,,,,,,,,84.26,38928341,54.422,18.6,2.581,1.337,1803.987,,597.029,9.59,,,37.746,0.5,64.83,0.498
AFG,Asia,Afghanistan,2020-05-20,7653,581,383.714,178,5,7.286,196.592,14.925,9.857,4.573,0.128,0.187,,,,,,,,,,,,,,,,,,84.26,38928341,54.422,18.6,2.581,1.337,1803.987,,597.029,9.59,,,37.746,0.5,64.83,0.498
AFG,Asia,Afghanistan,2020-05-21,8145,492,417,187,9,8.143,209.231,12.639,10.712,4.804,0.231,0.209,,,,,,,,,,,,,,,,,,84.26,38928341,54.422,18.6,2.581,1.337,1803.987,,597.029,9.59,,,37.746,0.5,64.83,0.498
AFG,Asia,Afghanistan,2020-05-22,8676,531,476.714,193,6,8.143,222.871,13.64,12.246,4.958,0.154,0.209,,,,,,,,,,,,,,,,,,84.26,38928341,54.422,18.6,2.581,1.337,1803.987,,597.029,9.59,,,37.746,0.5,64.83,0.498
AFG,Asia,Afghanistan,2020-05-23,9216,540,402,205,12,5.286,236.743,13.872,10.327,5.266,0.308,0.136,,,,,,,,,,,,,,,,,,84.26,38928341,54.422,18.6,2.581,1.337,1803.987,,597.029,9.59,,,37.746,0.5,64.83,0.498
AFG,Asia,Afghanistan,2020-05-24,9998,782,513.714,216,11,6.857,256.831,20.088,13.196,5.549,0.283,0.176,,,,,,,,,,,,,,,,,,84.26,38928341,54.422,18.6,2.581,1.337,1803.987,,597.029,9.59,,,37.746,0.5,64.83,0.498
AFG,Asia,Afghanistan,2020-05-25,10582,584,559.714,218,2,7,271.833,15.002,14.378,5.6,0.051,0.18,,,,,,,,,,,,,,,,,,84.26,38928341,54.422,18.6,2.581,1.337,1803.987,,597.029,9.59,,,37.746,0.5,64.83,0.498
AFG,Asia,Afghanistan,2020-05-26,11173,591,585.857,219,1,6.571,287.015,15.182,15.05,5.626,0.026,0.169,,,,,,,,,,,,,,,,,,84.26,38928341,54.422,18.6,2.581,1.337,1803.987,,597.029,9.59,,,37.746,0.5,64.83,0.498
AFG,Asia,Afghanistan,2020-05-27,11831,658,596.857,220,1,6,303.917,16.903,15.332,5.651,0.026,0.154,,,,,,,,,,,,,,,,,,84.26,38928341,54.422,18.6,2.581,1.337,1803.987,,597.029,9.59,,,37.746,0.5,64.83,0.498
AFG,Asia,Afghanistan,2020-05-28,12456,625,615.857,227,7,5.714,319.973,16.055,15.82,5.831,0.18,0.147,,,,,,,,,,,,,,,,,,84.26,38928341,54.422,18.6,2.581,1.337,1803.987,,597.029,9.59,,,37.746,0.5,64.83,0.498
AFG,Asia,Afghanistan,2020-05-29,13036,580,622.857,235,8,6,334.872,14.899,16,6.037,0.206,0.154,,,,,,,,,,,,,,,,,,84.26,38928341,54.422,18.6,2.581,1.337,1803.987,,597.029,9.59,,,37.746,0.5,64.83,0.498
AFG,Asia,Afghanistan,2020-05-30,13659,623,634.714,246,11,5.857,350.875,16.004,16.305,6.319,0.283,0.15,,,,,,,,,,,,,,,,,,84.26,38928341,54.422,18.6,2.581,1.337,1803.987,,597.029,9.59,,,37.746,0.5,64.83,0.498
AFG,Asia,Afghanistan,2020-05-31,14525,866,646.714,249,3,4.714,373.121,22.246,16.613,6.396,0.077,0.121,,,,,,,,,,,,,,,,,,84.26,38928341,54.422,18.6,2.581,1.337,1803.987,,597.029,9.59,,,37.746,0.5,64.83,0.498
AFG,Asia,Afghanistan,2020-06-01,15205,680,660.429,257,8,5.571,390.589,17.468,16.965,6.602,0.206,0.143,,,,,,,,,,,,,,,,,,84.26,38928341,54.422,18.6,2.581,1.337,1803.987,,597.029,9.59,,,37.746,0.5,64.83,0.498
AFG,Asia,Afghanistan,2020-06-02,15750,545,653.857,265,8,6.571,404.59,14,16.796,6.807,0.206,0.169,,,,,,,,,,,,,,,,,,84.26,38928341,54.422,18.6,2.581,1.337,1803.987,,597.029,9.59,,,37.746,0.5,64.83,0.498
AFG,Asia,Afghanistan,2020-06-03,16509,759,668.286,270,5,7.143,424.087,19.497,17.167,6.936,0.128,0.183,,,,,,,,,,,,,,,,,,84.26,38928341,54.422,18.6,2.581,1.337,1803.987,,597.029,9.59,,,37.746,0.5,64.83,0.498
AFG,Asia,Afghanistan,2020-06-04,17267,758,687.286,294,24,9.571,443.559,19.472,17.655,7.552,0.617,0.246,,,,,,,,,,,,,,,,,,84.26,38928341,54.422,18.6,2.581,1.337,1803.987,,597.029,9.59,,,37.746,0.5,64.83,0.498
AFG,Asia,Afghanistan,2020-06-05,18054,787,716.857,300,6,9.286,463.775,20.217,18.415,7.706,0.154,0.239,,,,,,,,,,,,,,,,,,84.26,38928341,54.422,18.6,2.581,1.337,1803.987,,597.029,9.59,,,37.746,0.5,64.83,0.498
AFG,Asia,Afghanistan,2020-06-06,18969,915,758.571,309,9,9,487.28,23.505,19.486,7.938,0.231,0.231,,,,,,,,,,,,,,,,,,84.26,38928341,54.422,18.6,2.581,1.337,1803.987,,597.029,9.59,,,37.746,0.5,64.83,0.498
AFG,Asia,Afghanistan,2020-06-07,19551,582,718,327,18,11.143,502.23,14.951,18.444,8.4,0.462,0.286,,,,,,,,,,,,,,,,,,84.26,38928341,54.422,18.6,2.581,1.337,1803.987,,597.029,9.59,,,37.746,0.5,64.83,0.498
AFG,Asia,Afghanistan,2020-06-08,20342,791,733.857,357,30,14.286,522.55,20.319,18.851,9.171,0.771,0.367,,,,,,,,,,,,,,,,,,84.26,38928341,54.422,18.6,2.581,1.337,1803.987,,597.029,9.59,,,37.746,0.5,64.83,0.498
AFG,Asia,Afghanistan,2020-06-09,20917,575,738.143,369,12,14.857,537.321,14.771,18.962,9.479,0.308,0.382,,,,,,,,,,,,,,,,,,78.7,38928341,54.422,18.6,2.581,1.337,1803.987,,597.029,9.59,,,37.746,0.5,64.83,0.498
AFG,Asia,Afghanistan,2020-06-10,21459,542,707.143,384,15,16.286,551.244,13.923,18.165,9.864,0.385,0.418,,,,,,,,,,,,,,,,,,78.7,38928341,54.422,18.6,2.581,1.337,1803.987,,597.029,9.59,,,37.746,0.5,64.83,0.498
AFG,Asia,Afghanistan,2020-06-11,22143,684,696.571,405,21,15.857,568.814,17.571,17.894,10.404,0.539,0.407,,,,,,,,,,,,,,,,,,78.7,38928341,54.422,18.6,2.581,1.337,1803.987,,597.029,9.59,,,37.746,0.5,64.83,0.498
AFG,Asia,Afghanistan,2020-06-12,22890,747,690.857,426,21,18,588.003,19.189,17.747,10.943,0.539,0.462,,,,,,,,,,,,,,,,,,78.7,38928341,54.422,18.6,2.581,1.337,1803.987,,597.029,9.59,,,37.746,0.5,64.83,0.498
AFG,Asia,Afghanistan,2020-06-13,23546,656,653.857,446,20,19.571,604.855,16.851,16.796,11.457,0.514,0.503,,,,,,,,,,,,,,,,,,78.7,38928341,54.422,18.6,2.581,1.337,1803.987,,597.029,9.59,,,37.746,0.5,64.83,0.498
AFG,Asia,Afghanistan,2020-06-14,24102,556,650.143,451,5,17.714,619.138,14.283,16.701,11.585,0.128,0.455,,,,,,,,,,,,,,,,,,78.7,38928341,54.422,18.6,2.581,1.337,1803.987,,597.029,9.59,,,37.746,0.5,64.83,0.498
AFG,Asia,Afghanistan,2020-06-15,24766,664,632,471,20,16.286,636.195,17.057,16.235,12.099,0.514,0.418,,,,,,,,,,,,,,,,,,78.7,38928341,54.422,18.6,2.581,1.337,1803.987,,597.029,9.59,,,37.746,0.5,64.83,0.498
AFG,Asia,Afghanistan,2020-06-16,25527,761,658.571,478,7,15.571,655.743,19.549,16.918,12.279,0.18,0.4,,,,,,,,,,,,,,,,,,78.7,38928341,54.422,18.6,2.581,1.337,1803.987,,597.029,9.59,,,37.746,0.5,64.83,0.498
AFG,Asia,Afghanistan,2020-06-17,26310,783,693,491,13,15.286,675.857,20.114,17.802,12.613,0.334,0.393,,,,,,,,,,,,,,,,,,78.7,38928341,54.422,18.6,2.581,1.337,1803.987,,597.029,9.59,,,37.746,0.5,64.83,0.498
AFG,Asia,Afghanistan,2020-06-18,26874,564,675.857,504,13,14.143,690.345,14.488,17.362,12.947,0.334,0.363,,,,,,,,,,,,,,,,,,78.7,38928341,54.422,18.6,2.581,1.337,1803.987,,597.029,9.59,,,37.746,0.5,64.83,0.498
AFG,Asia,Afghanistan,2020-06-19,27532,658,663.143,546,42,17.143,707.248,16.903,17.035,14.026,1.079,0.44,,,,,,,,,,,,,,,,,,78.7,38928341,54.422,18.6,2.581,1.337,1803.987,,597.029,9.59,,,37.746,0.5,64.83,0.498
AFG,Asia,Afghanistan,2020-06-20,27878,346,618.857,548,2,14.571,716.136,8.888,15.897,14.077,0.051,0.374,,,,,,,,,,,,,,,,,,78.7,38928341,54.422,18.6,2.581,1.337,1803.987,,597.029,9.59,,,37.746,0.5,64.83,0.498
AFG,Asia,Afghanistan,2020-06-21,28424,546,617.429,569,21,16.857,730.162,14.026,15.861,14.617,0.539,0.433,,,,,,,,,,,,,,,,,,78.7,38928341,54.422,18.6,2.581,1.337,1803.987,,597.029,9.59,,,37.746,0.5,64.83,0.498
AFG,Asia,Afghanistan,2020-06-22,28833,409,581,581,12,15.714,740.669,10.506,14.925,14.925,0.308,0.404,,,,,,,,,,,,,,,,,,78.7,38928341,54.422,18.6,2.581,1.337,1803.987,,597.029,9.59,,,37.746,0.5,64.83,0.498
AFG,Asia,Afghanistan,2020-06-23,29143,310,516.571,598,17,17.143,748.632,7.963,13.27,15.362,0.437,0.44,,,,,,,,,,,,,,,,,,78.7,38928341,54.422,18.6,2.581,1.337,1803.987,,597.029,9.59,,,37.746,0.5,64.83,0.498
AFG,Asia,Afghanistan,2020-06-24,29481,338,453,618,20,18.143,757.315,8.683,11.637,15.875,0.514,0.466,,,,,,,,,,,,,,,,,,78.7,38928341,54.422,18.6,2.581,1.337,1803.987,,597.029,9.59,,,37.746,0.5,64.83,0.498
AFG,Asia,Afghanistan,2020-06-25,29715,234,405.857,639,21,19.286,763.326,6.011,10.426,16.415,0.539,0.495,,,,,,,,,,,,,,,,,,78.7,38928341,54.422,18.6,2.581,1.337,1803.987,,597.029,9.59,,,37.746,0.5,64.83,0.498
AFG,Asia,Afghanistan,2020-06-26,30175,460,377.571,675,36,18.429,775.142,11.817,9.699,17.34,0.925,0.473,,,,,,,,,,,,,,,,,,78.7,38928341,54.422,18.6,2.581,1.337,1803.987,,597.029,9.59,,,37.746,0.5,64.83,0.498
AFG,Asia,Afghanistan,2020-06-27,30451,276,367.571,683,8,19.286,782.232,7.09,9.442,17.545,0.206,0.495,,,,,,,,,,,,,,,,,,78.7,38928341,54.422,18.6,2.581,1.337,1803.987,,597.029,9.59,,,37.746,0.5,64.83,0.498
AFG,Asia,Afghanistan,2020-06-28,30616,165,313.143,703,20,19.143,786.471,4.239,8.044,18.059,0.514,0.492,,,,,,,,,,,,,,,,,,78.7,38928341,54.422,18.6,2.581,1.337,1803.987,,597.029,9.59,,,37.746,0.5,64.83,0.498
AFG,Asia,Afghanistan,2020-06-29,30967,351,304.857,721,18,20,795.487,9.017,7.831,18.521,0.462,0.514,,,,,,,,,,,,,,,,,,78.7,38928341,54.422,18.6,2.581,1.337,1803.987,,597.029,9.59,,,37.746,0.5,64.83,0.498
AFG,Asia,Afghanistan,2020-06-30,31238,271,299.286,733,12,19.286,802.449,6.962,7.688,18.829,0.308,0.495,,,,,,,,,,,,,,,,,,78.7,38928341,54.422,18.6,2.581,1.337,1803.987,,597.029,9.59,,,37.746,0.5,64.83,0.498
AFG,Asia,Afghanistan,2020-07-01,31517,279,290.857,746,13,18.286,809.616,7.167,7.472,19.163,0.334,0.47,,,,,,,,,,,,,,,,,,78.7,38928341,54.422,18.6,2.581,1.337,1803.987,,597.029,9.59,,,37.746,0.5,64.83,0.498
AFG,Asia,Afghanistan,2020-07-02,31836,319,303,774,28,19.286,817.81,8.195,7.784,19.883,0.719,0.495,,,,,,,,,,,,,,,,,,78.7,38928341,54.422,18.6,2.581,1.337,1803.987,,597.029,9.59,,,37.746,0.5,64.83,0.498
AFG,Asia,Afghanistan,2020-07-03,32022,186,263.857,807,33,18.857,822.588,4.778,6.778,20.73,0.848,0.484,,,,,,,,,,,,,,,,,,78.7,38928341,54.422,18.6,2.581,1.337,1803.987,,597.029,9.59,,,37.746,0.5,64.83,0.498
AFG,Asia,Afghanistan,2020-07-04,32324,302,267.571,819,12,19.429,830.346,7.758,6.873,21.039,0.308,0.499,,,,,,,,,,,,,,,,,,78.7,38928341,54.422,18.6,2.581,1.337,1803.987,,597.029,9.59,,,37.746,0.5,64.83,0.498
AFG,Asia,Afghanistan,2020-07-05,32672,348,293.714,826,7,17.571,839.286,8.94,7.545,21.218,0.18,0.451,,,,,,,,,,,,,,,,,,78.7,38928341,54.422,18.6,2.581,1.337,1803.987,,597.029,9.59,,,37.746,0.5,64.83,0.498
AFG,Asia,Afghanistan,2020-07-06,32951,279,283.429,864,38,20.429,846.453,7.167,7.281,22.195,0.976,0.525,,,,,,,,,,,,,,,,,,78.7,38928341,54.422,18.6,2.581,1.337,1803.987,,597.029,9.59,,,37.746,0.5,64.83,0.498
AFG,Asia,Afghanistan,2020-07-07,33384,433,306.571,920,56,26.714,857.576,11.123,7.875,23.633,1.439,0.686,,,,,,,,,,,,,,,,,,78.7,38928341,54.422,18.6,2.581,1.337,1803.987,,597.029,9.59,,,37.746,0.5,64.83,0.498
AFG,Asia,Afghanistan,2020-07-08,33594,210,296.714,936,16,27.143,862.97,5.395,7.622,24.044,0.411,0.697,,,,,,,,,,,,,,,,,,78.7,38928341,54.422,18.6,2.581,1.337,1803.987,,597.029,9.59,,,37.746,0.5,64.83,0.498
AFG,Asia,Afghanistan,2020-07-09,33653,59,259.571,937,1,23.286,864.486,1.516,6.668,24.07,0.026,0.598,,,,,,,,,,,,,,,,,,78.7,38928341,54.422,18.6,2.581,1.337,1803.987,,597.029,9.59,,,37.746,0.5,64.83,0.498
AFG,Asia,Afghanistan,2020-07-10,33908,255,269.429,957,20,21.429,871.036,6.55,6.921,24.584,0.514,0.55,,,,,,,,,,,,,,,,,,78.7,38928341,54.422,18.6,2.581,1.337,1803.987,,597.029,9.59,,,37.746,0.5,64.83,0.498
AFG,Asia,Afghanistan,2020-07-11,34366,458,291.714,994,37,25,882.802,11.765,7.494,25.534,0.95,0.642,,,,,,,,,,,,,,,,,,78.7,38928341,54.422,18.6,2.581,1.337,1803.987,,597.029,9.59,,,37.746,0.5,64.83,0.498
AFG,Asia,Afghanistan,2020-07-12,34451,85,254.143,1010,16,26.286,884.985,2.183,6.528,25.945,0.411,0.675,,,,,,,,,,,,,,,,,,78.7,38928341,54.422,18.6,2.581,1.337,1803.987,,597.029,9.59,,,37.746,0.5,64.83,0.498
AFG,Asia,Afghanistan,2020-07-13,34451,0,214.286,1010,0,20.857,884.985,0,5.505,25.945,0,0.536,,,,,,,,,,,,,,,,,,78.7,38928341,54.422,18.6,2.581,1.337,1803.987,,597.029,9.59,,,37.746,0.5,64.83,0.498
AFG,Asia,Afghanistan,2020-07-14,34455,4,153,1012,2,13.143,885.088,0.103,3.93,25.996,0.051,0.338,,,,,,,,,,,,,,,,,,78.7,38928341,54.422,18.6,2.581,1.337,1803.987,,597.029,9.59,,,37.746,0.5,64.83,0.498
AFG,Asia,Afghanistan,2020-07-15,34740,285,163.714,1045,33,15.571,892.409,7.321,4.206,26.844,0.848,0.4,,,,,,,,,,,,,,,,,,78.7,38928341,54.422,18.6,2.581,1.337,1803.987,,597.029,9.59,,,37.746,0.5,64.83,0.498
AFG,Asia,Afghanistan,2020-07-16,34994,254,191.571,1094,49,22.429,898.934,6.525,4.921,28.103,1.259,0.576,,,,,,,,,,,,,,,,,,78.7,38928341,54.422,18.6,2.581,1.337,1803.987,,597.029,9.59,,,37.746,0.5,64.83,0.498
AFG,Asia,Afghanistan,2020-07-17,35070,76,166,1115,21,22.571,900.886,1.952,4.264,28.642,0.539,0.58,,,,,,,,,,,,,,,,,,78.7,38928341,54.422,18.6,2.581,1.337,1803.987,,597.029,9.59,,,37.746,0.5,64.83,0.498
AFG,Asia,Afghanistan,2020-07-18,35289,219,131.857,1147,32,21.857,906.512,5.626,3.387,29.464,0.822,0.561,,,,,,,,,,,,,,,,,,78.7,38928341,54.422,18.6,2.581,1.337,1803.987,,597.029,9.59,,,37.746,0.5,64.83,0.498
AFG,Asia,Afghanistan,2020-07-19,35301,12,121.429,1164,17,22,906.82,0.308,3.119,29.901,0.437,0.565,,,,,,,,,,,,,,,,,,78.7,38928341,54.422,18.6,2.581,1.337,1803.987,,597.029,9.59,,,37.746,0.5,64.83,0.498
AFG,Asia,Afghanistan,2020-07-20,35475,174,146.286,1181,17,24.429,911.29,4.47,3.758,30.338,0.437,0.628,,,,,,,,,,,,,,,,,,78.7,38928341,54.422,18.6,2.581,1.337,1803.987,,597.029,9.59,,,37.746,0.5,64.83,0.498
AFG,Asia,Afghanistan,2020-07-21,35615,140,165.714,1186,5,24.857,914.886,3.596,4.257,30.466,0.128,0.639,,,,,,,,,,,,,,,,,,78.7,38928341,54.422,18.6,2.581,1.337,1803.987,,597.029,9.59,,,37.746,0.5,64.83,0.498
AFG,Asia,Afghanistan,2020-07-22,35727,112,141,1190,4,20.714,917.763,2.877,3.622,30.569,0.103,0.532,,,,,,,,,,,,,,,,,,78.7,38928341,54.422,18.6,2.581,1.337,1803.987,,597.029,9.59,,,37.746,0.5,64.83,0.498
AFG,Asia,Afghanistan,2020-07-23,35915,188,131.571,1211,21,16.714,922.593,4.829,3.38,31.108,0.539,0.429,,,,,,,,,,,,,,,,,,78.7,38928341,54.422,18.6,2.581,1.337,1803.987,,597.029,9.59,,,37.746,0.5,64.83,0.498
AFG,Asia,Afghanistan,2020-07-24,35928,13,122.571,1211,0,13.714,922.927,0.334,3.149,31.108,0,0.352,,,,,,,,,,,,,,,,,,78.7,38928341,54.422,18.6,2.581,1.337,1803.987,,597.029,9.59,,,37.746,0.5,64.83,0.498
AFG,Asia,Afghanistan,2020-07-25,36036,108,106.714,1246,35,14.143,925.701,2.774,2.741,32.008,0.899,0.363,,,,,,,,,,,,,,,,,,78.7,38928341,54.422,18.6,2.581,1.337,1803.987,,597.029,9.59,,,37.746,0.5,64.83,0.498
AFG,Asia,Afghanistan,2020-07-26,36157,121,122.286,1259,13,13.571,928.809,3.108,3.141,32.341,0.334,0.349,,,,,,,,,,,,,,,,,,78.7,38928341,54.422,18.6,2.581,1.337,1803.987,,597.029,9.59,,,37.746,0.5,64.83,0.498
AFG,Asia,Afghanistan,2020-07-27,36263,106,112.571,1269,10,12.571,931.532,2.723,2.892,32.598,0.257,0.323,,,,,,,,,,,,,,,,,,78.7,38928341,54.422,18.6,2.581,1.337,1803.987,,597.029,9.59,,,37.746,0.5,64.83,0.498
AFG,Asia,Afghanistan,2020-07-28,36368,105,107.571,1270,1,12,934.229,2.697,2.763,32.624,0.026,0.308,,,,,,,,,,,,,,,,,,78.7,38928341,54.422,18.6,2.581,1.337,1803.987,,597.029,9.59,,,37.746,0.5,64.83,0.498
AFG,Asia,Afghanistan,2020-07-29,36471,103,106.286,1271,1,11.571,936.875,2.646,2.73,32.65,0.026,0.297,,,,,,,,,,,,,,,,,,78.7,38928341,54.422,18.6,2.581,1.337,1803.987,,597.029,9.59,,,37.746,0.5,64.83,0.498
AFG,Asia,Afghanistan,2020-07-30,36471,0,79.429,1271,0,8.571,936.875,0,2.04,32.65,0,0.22,,,,,,,,,,,,,,,,,,78.7,38928341,54.422,18.6,2.581,1.337,1803.987,,597.029,9.59,,,37.746,0.5,64.83,0.498
AFG,Asia,Afghanistan,2020-07-31,36542,71,87.714,1271,0,8.571,938.699,1.824,2.253,32.65,0,0.22,,,,,,,,,,,,,,,,,,78.7,38928341,54.422,18.6,2.581,1.337,1803.987,,597.029,9.59,,,37.746,0.5,64.83,0.498
AFG,Asia,Afghanistan,2020-08-01,36710,168,96.286,1283,12,5.286,943.015,4.316,2.473,32.958,0.308,0.136,,,,,,,,,,,,,,,,,,78.7,38928341,54.422,18.6,2.581,1.337,1803.987,,597.029,9.59,,,37.746,0.5,64.83,0.498
AFG,Asia,Afghanistan,2020-08-02,36710,0,79,1283,0,3.429,943.015,0,2.029,32.958,0,0.088,,,,,,,,,,,,,,,,,,78.7,38928341,54.422,18.6,2.581,1.337,1803.987,,597.029,9.59,,,37.746,0.5,64.83,0.498
AFG,Asia,Afghanistan,2020-08-03,36710,0,63.857,1284,1,2.143,943.015,0,1.64,32.984,0.026,0.055,,,,,,,,,,,,,,,,,,78.7,38928341,54.422,18.6,2.581,1.337,1803.987,,597.029,9.59,,,37.746,0.5,64.83,0.498
AFG,Asia,Afghanistan,2020-08-04,36747,37,54.143,1288,4,2.571,943.965,0.95,1.391,33.086,0.103,0.066,,,,,,,,,,,,,,,,,,75,38928341,54.422,18.6,2.581,1.337,1803.987,,597.029,9.59,,,37.746,0.5,64.83,0.498
AFG,Asia,Afghanistan,2020-08-05,36829,82,51.143,1294,6,3.286,946.072,2.106,1.314,33.241,0.154,0.084,,,,,,,,,,,,,,,,,,71.3,38928341,54.422,18.6,2.581,1.337,1803.987,,597.029,9.59,,,37.746,0.5,64.83,0.498
AFG,Asia,Afghanistan,2020-08-06,36896,67,60.714,1298,4,3.857,947.793,1.721,1.56,33.343,0.103,0.099,,,,,,,,,,,,,,,,,,71.3,38928341,54.422,18.6,2.581,1.337,1803.987,,597.029,9.59,,,37.746,0.5,64.83,0.498
AFG,Asia,Afghanistan,2020-08-07,36937,41,56.429,1298,0,3.857,948.846,1.053,1.45,33.343,0,0.099,,,,,,,,,,,,,,,,,,71.3,38928341,54.422,18.6,2.581,1.337,1803.987,,597.029,9.59,,,37.746,0.5,64.83,0.498
AFG,Asia,Afghanistan,2020-08-08,37015,78,43.571,1307,9,3.429,950.85,2.004,1.119,33.575,0.231,0.088,,,,,,,,,,,,,,,,,,71.3,38928341,54.422,18.6,2.581,1.337,1803.987,,597.029,9.59,,,37.746,0.5,64.83,0.498
AFG,Asia,Afghanistan,2020-08-09,37054,39,49.143,1312,5,4.143,951.852,1.002,1.262,33.703,0.128,0.106,,,,,,,,,,,,,,,,,,71.3,38928341,54.422,18.6,2.581,1.337,1803.987,,597.029,9.59,,,37.746,0.5,64.83,0.498
AFG,Asia,Afghanistan,2020-08-10,37054,0,49.143,1312,0,4,951.852,0,1.262,33.703,0,0.103,,,,,,,,,,,,,,,,,,71.3,38928341,54.422,18.6,2.581,1.337,1803.987,,597.029,9.59,,,37.746,0.5,64.83,0.498
AFG,Asia,Afghanistan,2020-08-11,37054,0,43.857,1312,0,3.429,951.852,0,1.127,33.703,0,0.088,,,,,,,,,,,,,,,,,,71.3,38928341,54.422,18.6,2.581,1.337,1803.987,,597.029,9.59,,,37.746,0.5,64.83,0.498
AFG,Asia,Afghanistan,2020-08-12,37269,215,62.857,1344,32,7.143,957.374,5.523,1.615,34.525,0.822,0.183,,,,,,,,,,,,,,,,,,71.3,38928341,54.422,18.6,2.581,1.337,1803.987,,597.029,9.59,,,37.746,0.5,64.83,0.498
AFG,Asia,Afghanistan,2020-08-13,37345,76,64.143,1354,10,8,959.327,1.952,1.648,34.782,0.257,0.206,,,,,,,,,,,,,,,,,,71.3,38928341,54.422,18.6,2.581,1.337,1803.987,,597.029,9.59,,,37.746,0.5,64.83,0.498
AFG,Asia,Afghanistan,2020-08-14,37424,79,69.571,1363,9,9.286,961.356,2.029,1.787,35.013,0.231,0.239,,,,,,,,,,,,,,,,,,71.3,38928341,54.422,18.6,2.581,1.337,1803.987,,597.029,9.59,,,37.746,0.5,64.83,0.498
AFG,Asia,Afghanistan,2020-08-15,37431,7,59.429,1363,0,8,961.536,0.18,1.527,35.013,0,0.206,,,,,,,,,,,,,,,,,,60.19,38928341,54.422,18.6,2.581,1.337,1803.987,,597.029,9.59,,,37.746,0.5,64.83,0.498
AFG,Asia,Afghanistan,2020-08-16,37551,120,71,1370,7,8.286,964.619,3.083,1.824,35.193,0.18,0.213,,,,,,,,,,,,,,,,,,60.19,38928341,54.422,18.6,2.581,1.337,1803.987,,597.029,9.59,,,37.746,0.5,64.83,0.498
AFG,Asia,Afghanistan,2020-08-17,37596,45,77.429,1375,5,9,965.775,1.156,1.989,35.321,0.128,0.231,,,,,,,,,,,,,,,,,,60.19,38928341,54.422,18.6,2.581,1.337,1803.987,,597.029,9.59,,,37.746,0.5,64.83,0.498
AFG,Asia,Afghanistan,2020-08-18,37599,3,77.857,1375,0,9,965.852,0.077,2,35.321,0,0.231,,,,,,,,,,,,,,,,,,48.15,38928341,54.422,18.6,2.581,1.337,1803.987,,597.029,9.59,,,37.746,0.5,64.83,0.498
AFG,Asia,Afghanistan,2020-08-19,37599,0,47.143,1375,0,4.429,965.852,0,1.211,35.321,0,0.114,,,,,,,,,,,,,,,,,,48.15,38928341,54.422,18.6,2.581,1.337,1803.987,,597.029,9.59,,,37.746,0.5,64.83,0.498
AFG,Asia,Afghanistan,2020-08-20,37759,160,59.143,1383,8,4.143,969.962,4.11,1.519,35.527,0.206,0.106,,,,,,,,,,,,,,,,,,48.15,38928341,54.422,18.6,2.581,1.337,1803.987,,597.029,9.59,,,37.746,0.5,64.83,0.498
AFG,Asia,Afghanistan,2020-08-21,37856,97,61.714,1385,2,3.143,972.453,2.492,1.585,35.578,0.051,0.081,,,,,,,,,,,,,,,,,,48.15,38928341,54.422,18.6,2.581,1.337,1803.987,,597.029,9.59,,,37.746,0.5,64.83,0.498
AFG,Asia,Afghanistan,2020-08-22,37894,38,66.143,1385,0,3.143,973.43,0.976,1.699,35.578,0,0.081,,,,,,,,,,,,,,,,,,48.15,38928341,54.422,18.6,2.581,1.337,1803.987,,597.029,9.59,,,37.746,0.5,64.83,0.498
AFG,Asia,Afghanistan,2020-08-23,37999,105,64,1387,2,2.429,976.127,2.697,1.644,35.63,0.051,0.062,,,,,,,,,,,,,,,,,,48.15,38928341,54.422,18.6,2.581,1.337,1803.987,,597.029,9.59,,,37.746,0.5,64.83,0.498
AFG,Asia,Afghanistan,2020-08-24,37999,0,57.571,1387,0,1.714,976.127,0,1.479,35.63,0,0.044,,,,,,,,,,,,,,,,,,48.15,38928341,54.422,18.6,2.581,1.337,1803.987,,597.029,9.59,,,37.746,0.5,64.83,0.498
AFG,Asia,Afghanistan,2020-08-25,38070,71,67.286,1397,10,3.143,977.951,1.824,1.728,35.886,0.257,0.081,,,,,,,,,,,,,,,,,,48.15,38928341,54.422,18.6,2.581,1.337,1803.987,,597.029,9.59,,,37.746,0.5,64.83,0.498
AFG,Asia,Afghanistan,2020-08-26,38071,1,67.429,1397,0,3.143,977.976,0.026,1.732,35.886,0,0.081,,,,,,,,,,,,,,,,,,21.3,38928341,54.422,18.6,2.581,1.337,1803.987,,597.029,9.59,,,37.746,0.5,64.83,0.498
AFG,Asia,Afghanistan,2020-08-27,38126,55,52.429,1401,4,2.571,979.389,1.413,1.347,35.989,0.103,0.066,,,,,,,,,,,,,,,,,,21.3,38928341,54.422,18.6,2.581,1.337,1803.987,,597.029,9.59,,,37.746,0.5,64.83,0.498
AFG,Asia,Afghanistan,2020-08-28,38129,3,39,1401,0,2.286,979.466,0.077,1.002,35.989,0,0.059,,,,,,,,,,,,,,,,,,21.3,38928341,54.422,18.6,2.581,1.337,1803.987,,597.029,9.59,,,37.746,0.5,64.83,0.498
AFG,Asia,Afghanistan,2020-08-29,38140,11,35.143,1402,1,2.429,979.749,0.283,0.903,36.015,0.026,0.062,,,,,,,,,,,,,,,,,,21.3,38928341,54.422,18.6,2.581,1.337,1803.987,,597.029,9.59,,,37.746,0.5,64.83,0.498
AFG,Asia,Afghanistan,2020-08-30,38143,3,20.571,1402,0,2.143,979.826,0.077,0.528,36.015,0,0.055,,,,,,,,,,,,,,,,,,21.3,38928341,54.422,18.6,2.581,1.337,1803.987,,597.029,9.59,,,37.746,0.5,64.83,0.498
AFG,Asia,Afghanistan,2020-08-31,38162,19,23.286,1402,0,2.143,980.314,0.488,0.598,36.015,0,0.055,,,,,,,,,,,,,,,,,,21.3,38928341,54.422,18.6,2.581,1.337,1803.987,,597.029,9.59,,,37.746,0.5,64.83,0.498
AFG,Asia,Afghanistan,2020-09-01,38196,34,18,1406,4,1.286,981.187,0.873,0.462,36.118,0.103,0.033,,,,,,,,,,,,,,,,,,21.3,38928341,54.422,18.6,2.581,1.337,1803.987,,597.029,9.59,,,37.746,0.5,64.83,0.498
AFG,Asia,Afghanistan,2020-09-02,38205,9,19.143,1406,0,1.286,981.419,0.231,0.492,36.118,0,0.033,,,,,,,,,,,,,,,,,,21.3,38928341,54.422,18.6,2.581,1.337,1803.987,,597.029,9.59,,,37.746,0.5,64.83,0.498
AFG,Asia,Afghanistan,2020-09-03,38243,38,16.714,1409,3,1.143,982.395,0.976,0.429,36.195,0.077,0.029,,,,,,,,,,,,,,,,,,21.3,38928341,54.422,18.6,2.581,1.337,1803.987,,597.029,9.59,,,37.746,0.5,64.83,0.498
AFG,Asia,Afghanistan,2020-09-04,38288,45,22.714,1410,1,1.286,983.551,1.156,0.583,36.22,0.026,0.033,,,,,,,,,,,,,,,,,,21.3,38928341,54.422,18.6,2.581,1.337,1803.987,,597.029,9.59,,,37.746,0.5,64.83,0.498
AFG,Asia,Afghanistan,2020-09-05,38304,16,23.429,1410,0,1.143,983.962,0.411,0.602,36.22,0,0.029,,,,,,,,,,,,,,,,,,21.3,38928341,54.422,18.6,2.581,1.337,1803.987,,597.029,9.59,,,37.746,0.5,64.83,0.498
AFG,Asia,Afghanistan,2020-09-06,38324,20,25.857,1410,0,1.143,984.476,0.514,0.664,36.22,0,0.029,,,,,,,,,,,,,,,,,,21.3,38928341,54.422,18.6,2.581,1.337,1803.987,,597.029,9.59,,,37.746,0.5,64.83,0.498
AFG,Asia,Afghanistan,2020-09-07,38398,74,33.714,1412,2,1.429,986.376,1.901,0.866,36.272,0.051,0.037,,,,,,,,,,,,,,,,,,21.3,38928341,54.422,18.6,2.581,1.337,1803.987,,597.029,9.59,,,37.746,0.5,64.83,0.498
AFG,Asia,Afghanistan,2020-09-08,38494,96,42.571,1415,3,1.286,988.843,2.466,1.094,36.349,0.077,0.033,,,,,,,,,,,,,,,,,,21.3,38928341,54.422,18.6,2.581,1.337,1803.987,,597.029,9.59,,,37.746,0.5,64.83,0.498
AFG,Asia,Afghanistan,2020-09-09,38520,26,45,1418,3,1.714,989.51,0.668,1.156,36.426,0.077,0.044,,,,,,,,,,,,,,,,,,21.3,38928341,54.422,18.6,2.581,1.337,1803.987,,597.029,9.59,,,37.746,0.5,64.83,0.498
AFG,Asia,Afghanistan,2020-09-10,38544,24,43,1420,2,1.571,990.127,0.617,1.105,36.477,0.051,0.04,,,,,,,,,,,,,,,,,,21.3,38928341,54.422,18.6,2.581,1.337,1803.987,,597.029,9.59,,,37.746,0.5,64.83,0.498
AFG,Asia,Afghanistan,2020-09-11,38572,28,40.571,1420,0,1.429,990.846,0.719,1.042,36.477,0,0.037,,,,,,,,,,,,,,,,,,21.3,38928341,54.422,18.6,2.581,1.337,1803.987,,597.029,9.59,,,37.746,0.5,64.83,0.498
AFG,Asia,Afghanistan,2020-09-12,38606,34,43.143,1420,0,1.429,991.72,0.873,1.108,36.477,0,0.037,,,,,,,,,,,,,,,,,,21.3,38928341,54.422,18.6,2.581,1.337,1803.987,,597.029,9.59,,,37.746,0.5,64.83,0.498
AFG,Asia,Afghanistan,2020-09-13,38641,35,45.286,1420,0,1.429,992.619,0.899,1.163,36.477,0,0.037,,,,,,,,,,,,,,,,,,21.3,38928341,54.422,18.6,2.581,1.337,1803.987,,597.029,9.59,,,37.746,0.5,64.83,0.498
AFG,Asia,Afghanistan,2020-09-14,38716,75,45.429,1420,0,1.143,994.545,1.927,1.167,36.477,0,0.029,,,,,,,,,,,,,,,,,,21.3,38928341,54.422,18.6,2.581,1.337,1803.987,,597.029,9.59,,,37.746,0.5,64.83,0.498
AFG,Asia,Afghanistan,2020-09-15,38815,99,45.857,1426,6,1.571,997.088,2.543,1.178,36.631,0.154,0.04,,,,,,,,,,,,,,,,,,21.3,38928341,54.422,18.6,2.581,1.337,1803.987,,597.029,9.59,,,37.746,0.5,64.83,0.498
AFG,Asia,Afghanistan,2020-09-16,38855,40,47.857,1436,10,2.571,998.116,1.028,1.229,36.888,0.257,0.066,,,,,,,,,,,,,,,,,,21.3,38928341,54.422,18.6,2.581,1.337,1803.987,,597.029,9.59,,,37.746,0.5,64.83,0.498
AFG,Asia,Afghanistan,2020-09-17,38872,17,46.857,1436,0,2.286,998.553,0.437,1.204,36.888,0,0.059,,,,,,,,,,,,,,,,,,21.3,38928341,54.422,18.6,2.581,1.337,1803.987,,597.029,9.59,,,37.746,0.5,64.83,0.498
AFG,Asia,Afghanistan,2020-09-18,38872,0,42.857,1436,0,2.286,998.553,0,1.101,36.888,0,0.059,,,,,,,,,,,,,,,,,,21.3,38928341,54.422,18.6,2.581,1.337,1803.987,,597.029,9.59,,,37.746,0.5,64.83,0.498
AFG,Asia,Afghanistan,2020-09-19,38919,47,44.714,1437,1,2.429,999.76,1.207,1.149,36.914,0.026,0.062,,,,,,,,,,,,,,,,,,21.3,38928341,54.422,18.6,2.581,1.337,1803.987,,597.029,9.59,,,37.746,0.5,64.83,0.498
AFG,Asia,Afghanistan,2020-09-20,39044,125,57.571,1441,4,3,1002.971,3.211,1.479,37.017,0.103,0.077,,,,,,,,,,,,,,,,,,21.3,38928341,54.422,18.6,2.581,1.337,1803.987,,597.029,9.59,,,37.746,0.5,64.83,0.498
AFG,Asia,Afghanistan,2020-09-21,39044,0,46.857,1441,0,3,1002.971,0,1.204,37.017,0,0.077,,,,,,,,,,,,,,,,,,21.3,38928341,54.422,18.6,2.581,1.337,1803.987,,597.029,9.59,,,37.746,0.5,64.83,0.498
AFG,Asia,Afghanistan,2020-09-22,39074,30,37,1444,3,2.571,1003.742,0.771,0.95,37.094,0.077,0.066,,,,,,,,,,,,,,,,,,28.7,38928341,54.422,18.6,2.581,1.337,1803.987,,597.029,9.59,,,37.746,0.5,64.83,0.498
AFG,Asia,Afghanistan,2020-09-23,39145,71,41.429,1446,2,1.429,1005.566,1.824,1.064,37.145,0.051,0.037,,,,,,,,,,,,,,,,,,28.7,38928341,54.422,18.6,2.581,1.337,1803.987,,597.029,9.59,,,37.746,0.5,64.83,0.498
AFG,Asia,Afghanistan,2020-09-24,39170,25,42.571,1451,5,2.143,1006.208,0.642,1.094,37.274,0.128,0.055,,,,,,,,,,,,,,,,,,28.7,38928341,54.422,18.6,2.581,1.337,1803.987,,597.029,9.59,,,37.746,0.5,64.83,0.498